,Date_1W,crit1_1W,crit2_1W,crit3_1W,crit4_1W,crit5_1W,crit6_1W,crit7_1W,Date_1D,crit1_1D,crit2_1D,crit3_1D,crit4_1D,crit5_1D,crit6_1D,crit7_1D
0,2018-08-13,0.0,0.0,0.0,0.0,0.0,0.0,0.0,2018-08-13,0,0,0,0,0,0,0
1,2018-08-13,0.0,0.0,0.0,0.0,0.0,0.0,0.0,2018-08-14,0,0,0,0,0,0,0
2,2018-08-13,0.0,0.0,0.0,0.0,0.0,0.0,0.0,2018-08-15,0,0,0,0,0,0,0
3,2018-08-13,0.0,0.0,0.0,0.0,0.0,0.0,0.0,2018-08-16,0,0,0,0,0,0,0
4,2018-08-13,0.0,0.0,0.0,0.0,0.0,0.0,0.0,2018-08-17,0,0,0,0,0,0,0
5,2018-08-20,0.0,0.0,0.0,0.0,0.0,0.0,0.0,2018-08-20,0,0,0,0,0,0,0
6,2018-08-20,0.0,0.0,0.0,0.0,0.0,0.0,0.0,2018-08-21,0,0,0,0,0,0,0
7,2018-08-20,0.0,0.0,0.0,0.0,0.0,0.0,0.0,2018-08-22,0,0,0,0,0,0,0
8,2018-08-20,0.0,0.0,0.0,0.0,0.0,0.0,0.0,2018-08-23,0,0,0,0,0,0,0
9,2018-08-20,0.0,0.0,0.0,0.0,0.0,0.0,0.0,2018-08-24,0,0,0,0,0,0,0
10,2018-08-27,0.0,0.0,0.0,0.0,0.0,0.0,0.0,2018-08-27,0,0,0,0,0,0,0
11,2018-08-27,0.0,0.0,0.0,0.0,0.0,0.0,0.0,2018-08-28,0,0,0,0,0,0,0
12,2018-08-27,0.0,0.0,0.0,0.0,0.0,0.0,0.0,2018-08-29,0,0,0,0,0,0,0
13,2018-08-27,0.0,0.0,0.0,0.0,0.0,0.0,0.0,2018-08-30,0,0,0,0,0,0,0
14,2018-08-27,0.0,0.0,0.0,0.0,0.0,0.0,0.0,2018-08-31,0,0,0,0,0,0,0
15,2018-09-03,0.0,0.0,0.0,0.0,0.0,0.0,0.0,2018-09-04,0,0,0,0,0,0,0
16,2018-09-03,0.0,0.0,0.0,0.0,0.0,0.0,0.0,2018-09-05,0,0,0,0,0,0,0
17,2018-09-03,0.0,0.0,0.0,0.0,0.0,0.0,0.0,2018-09-06,0,0,0,0,0,0,0
18,2018-09-03,0.0,0.0,0.0,0.0,0.0,0.0,0.0,2018-09-07,0,0,0,0,0,0,0
19,2018-09-10,0.0,0.0,0.0,0.0,0.0,0.0,0.0,2018-09-10,0,0,0,0,0,0,0
20,2018-09-10,0.0,0.0,0.0,0.0,0.0,0.0,0.0,2018-09-11,0,0,0,0,0,0,0
21,2018-09-10,0.0,0.0,0.0,0.0,0.0,0.0,0.0,2018-09-12,0,0,0,0,0,0,0
22,2018-09-10,0.0,0.0,0.0,0.0,0.0,0.0,0.0,2018-09-13,0,0,0,0,0,0,0
23,2018-09-10,0.0,0.0,0.0,0.0,0.0,0.0,0.0,2018-09-14,0,0,0,0,0,0,0
24,2018-09-17,0.0,0.0,0.0,0.0,0.0,0.0,0.0,2018-09-17,0,0,0,0,0,0,0
25,2018-09-17,0.0,0.0,0.0,0.0,0.0,0.0,0.0,2018-09-18,1,0,0,0,0,1,0
26,2018-09-17,0.0,0.0,0.0,0.0,0.0,0.0,0.0,2018-09-19,1,0,0,0,0,1,0
27,2018-09-17,0.0,0.0,0.0,0.0,0.0,0.0,0.0,2018-09-20,1,1,0,0,0,1,0
28,2018-09-17,0.0,0.0,0.0,0.0,0.0,0.0,0.0,2018-09-21,1,1,0,0,0,1,0
29,2018-09-24,0.0,0.0,0.0,0.0,0.0,0.0,0.0,2018-09-24,1,1,0,0,0,1,0
30,2018-09-24,0.0,0.0,0.0,0.0,0.0,0.0,0.0,2018-09-25,1,1,0,0,0,1,0
31,2018-09-24,0.0,0.0,0.0,0.0,0.0,0.0,0.0,2018-09-26,0,0,0,0,0,1,0
32,2018-09-24,0.0,0.0,0.0,0.0,0.0,0.0,0.0,2018-09-27,0,0,0,0,0,1,0
33,2018-09-24,0.0,0.0,0.0,0.0,0.0,0.0,0.0,2018-09-28,0,1,0,0,0,1,0
34,2018-10-01,0.0,0.0,0.0,0.0,0.0,0.0,0.0,2018-10-01,0,1,0,0,0,1,0
35,2018-10-01,0.0,0.0,0.0,0.0,0.0,0.0,0.0,2018-10-02,1,1,0,0,0,1,0
36,2018-10-01,0.0,0.0,0.0,0.0,0.0,0.0,0.0,2018-10-03,1,1,0,0,0,1,0
37,2018-10-01,0.0,0.0,0.0,0.0,0.0,0.0,0.0,2018-10-04,1,0,0,0,0,1,0
38,2018-10-01,0.0,0.0,0.0,0.0,0.0,0.0,0.0,2018-10-05,1,1,0,0,0,0,0
39,2018-10-08,0.0,0.0,0.0,0.0,0.0,0.0,0.0,2018-10-08,1,1,0,0,0,0,0
40,2018-10-08,0.0,0.0,0.0,0.0,0.0,0.0,0.0,2018-10-09,1,1,0,0,0,0,0
41,2018-10-08,0.0,0.0,0.0,0.0,0.0,0.0,0.0,2018-10-10,1,0,0,0,0,0,0
42,2018-10-08,0.0,0.0,0.0,0.0,0.0,0.0,0.0,2018-10-11,0,0,0,0,0,0,0
43,2018-10-08,0.0,0.0,0.0,0.0,0.0,0.0,0.0,2018-10-12,0,0,0,0,0,0,0
44,2018-10-15,0.0,0.0,0.0,0.0,0.0,0.0,0.0,2018-10-15,0,0,0,0,0,0,0
45,2018-10-15,0.0,0.0,0.0,0.0,0.0,0.0,0.0,2018-10-16,0,0,0,0,0,0,0
46,2018-10-15,0.0,0.0,0.0,0.0,0.0,0.0,0.0,2018-10-17,0,0,0,0,0,0,0
47,2018-10-15,0.0,0.0,0.0,0.0,0.0,0.0,0.0,2018-10-18,0,0,0,0,0,0,0
48,2018-10-15,0.0,0.0,0.0,0.0,0.0,0.0,0.0,2018-10-19,0,0,0,0,0,0,0
49,2018-10-22,0.0,0.0,0.0,0.0,0.0,0.0,0.0,2018-10-22,0,0,0,0,0,0,0
50,2018-10-22,0.0,0.0,0.0,0.0,0.0,0.0,0.0,2018-10-23,0,0,1,0,0,1,0
51,2018-10-22,0.0,0.0,0.0,0.0,0.0,0.0,0.0,2018-10-24,0,1,0,0,1,0,0
52,2018-10-22,0.0,0.0,0.0,0.0,0.0,0.0,0.0,2018-10-25,0,0,0,0,0,0,1
53,2018-10-22,0.0,0.0,0.0,0.0,0.0,0.0,0.0,2018-10-26,0,0,0,0,0,0,1
54,2018-10-29,0.0,0.0,0.0,0.0,0.0,0.0,0.0,2018-10-29,0,0,0,0,0,0,0
55,2018-10-29,0.0,0.0,0.0,0.0,0.0,0.0,0.0,2018-10-30,0,0,0,0,0,0,0
56,2018-10-29,0.0,0.0,0.0,0.0,0.0,0.0,0.0,2018-10-31,0,0,0,0,0,0,0
57,2018-10-29,0.0,0.0,0.0,0.0,0.0,0.0,0.0,2018-11-01,0,0,1,0,0,0,0
58,2018-10-29,0.0,0.0,0.0,0.0,0.0,0.0,0.0,2018-11-02,0,0,0,0,0,0,0
59,2018-11-05,0.0,0.0,0.0,0.0,0.0,0.0,0.0,2018-11-05,0,0,0,0,0,0,0
60,2018-11-05,0.0,0.0,0.0,0.0,0.0,0.0,0.0,2018-11-06,0,0,0,0,0,0,0
61,2018-11-05,0.0,0.0,0.0,0.0,0.0,0.0,0.0,2018-11-07,0,0,0,0,0,0,0
62,2018-11-05,0.0,0.0,0.0,0.0,0.0,0.0,0.0,2018-11-08,0,0,0,0,0,0,0
63,2018-11-05,0.0,0.0,0.0,0.0,0.0,0.0,0.0,2018-11-09,0,0,0,0,0,0,0
64,2018-11-12,0.0,0.0,0.0,0.0,0.0,0.0,0.0,2018-11-12,0,0,0,0,0,0,0
65,2018-11-12,0.0,0.0,0.0,0.0,0.0,0.0,0.0,2018-11-13,0,0,0,0,0,0,0
66,2018-11-12,0.0,0.0,0.0,0.0,0.0,0.0,0.0,2018-11-14,0,0,0,0,0,0,0
67,2018-11-12,0.0,0.0,0.0,0.0,0.0,0.0,0.0,2018-11-15,0,0,0,0,0,0,0
68,2018-11-12,0.0,0.0,0.0,0.0,0.0,0.0,0.0,2018-11-16,0,0,0,0,0,0,0
69,2018-11-19,0.0,0.0,0.0,0.0,0.0,0.0,0.0,2018-11-19,0,0,0,0,0,0,0
70,2018-11-19,0.0,0.0,0.0,0.0,0.0,0.0,0.0,2018-11-20,0,0,0,0,0,0,0
71,2018-11-19,0.0,0.0,0.0,0.0,0.0,0.0,0.0,2018-11-21,0,0,0,0,0,0,0
72,2018-11-19,0.0,0.0,0.0,0.0,0.0,0.0,0.0,2018-11-23,0,0,0,0,0,0,0
73,2018-11-26,0.0,0.0,0.0,0.0,0.0,0.0,0.0,2018-11-26,0,0,0,0,0,0,0
74,2018-11-26,0.0,0.0,0.0,0.0,0.0,0.0,0.0,2018-11-27,0,0,0,0,0,0,0
75,2018-11-26,0.0,0.0,0.0,0.0,0.0,0.0,0.0,2018-11-28,0,0,0,0,0,0,0
76,2018-11-26,0.0,0.0,0.0,0.0,0.0,0.0,0.0,2018-11-29,0,0,0,0,0,0,0
77,2018-11-26,0.0,0.0,0.0,0.0,0.0,0.0,0.0,2018-11-30,0,0,0,0,0,0,0
78,2018-12-03,0.0,0.0,0.0,0.0,0.0,0.0,0.0,2018-12-03,0,0,0,0,0,0,0
79,2018-12-03,0.0,0.0,0.0,0.0,0.0,0.0,0.0,2018-12-04,0,0,0,0,0,0,0
80,2018-12-03,0.0,0.0,0.0,0.0,0.0,0.0,0.0,2018-12-06,0,0,0,0,0,0,0
81,2018-12-03,0.0,0.0,0.0,0.0,0.0,0.0,0.0,2018-12-07,0,0,0,0,0,0,0
82,2018-12-10,0.0,0.0,0.0,0.0,0.0,0.0,0.0,2018-12-10,0,0,0,0,0,0,0
83,2018-12-10,0.0,0.0,0.0,0.0,0.0,0.0,0.0,2018-12-11,0,0,0,0,0,0,0
84,2018-12-10,0.0,0.0,0.0,0.0,0.0,0.0,0.0,2018-12-12,0,0,0,0,0,0,0
85,2018-12-10,0.0,0.0,0.0,0.0,0.0,0.0,0.0,2018-12-13,0,0,0,0,0,0,0
86,2018-12-10,0.0,0.0,0.0,0.0,0.0,0.0,0.0,2018-12-14,0,0,0,0,0,0,0
87,2018-12-17,0.0,0.0,0.0,0.0,0.0,0.0,0.0,2018-12-17,0,0,0,0,0,0,0
88,2018-12-17,0.0,0.0,0.0,0.0,0.0,0.0,0.0,2018-12-18,0,0,0,0,0,0,0
89,2018-12-17,0.0,0.0,0.0,0.0,0.0,0.0,0.0,2018-12-19,0,0,0,0,0,0,0
90,2018-12-17,0.0,0.0,0.0,0.0,0.0,0.0,0.0,2018-12-20,0,0,0,0,0,0,0
91,2018-12-17,0.0,0.0,0.0,0.0,0.0,0.0,0.0,2018-12-21,0,0,0,0,0,0,0
92,2018-12-24,0.0,0.0,0.0,0.0,0.0,0.0,0.0,2018-12-24,0,0,0,0,0,0,0
93,2018-12-24,0.0,0.0,0.0,0.0,0.0,0.0,0.0,2018-12-26,0,0,0,0,0,0,0
94,2018-12-24,0.0,0.0,0.0,0.0,0.0,0.0,0.0,2018-12-27,0,0,0,0,0,0,0
95,2018-12-24,0.0,0.0,0.0,0.0,0.0,0.0,0.0,2018-12-28,0,0,0,0,0,0,0
96,2018-12-31,0.0,0.0,0.0,0.0,0.0,0.0,0.0,2018-12-31,0,0,0,0,0,0,0
97,2018-12-31,0.0,0.0,0.0,0.0,0.0,0.0,0.0,2019-01-02,0,0,0,0,0,0,0
98,2018-12-31,0.0,0.0,0.0,0.0,0.0,0.0,0.0,2019-01-03,0,0,0,0,0,0,0
99,2018-12-31,0.0,0.0,0.0,0.0,0.0,0.0,0.0,2019-01-04,0,0,0,0,0,0,0
100,2019-01-07,0.0,0.0,0.0,0.0,0.0,0.0,0.0,2019-01-07,0,0,0,0,0,0,0
101,2019-01-07,0.0,0.0,0.0,0.0,0.0,0.0,0.0,2019-01-08,0,0,0,0,0,0,0
102,2019-01-07,0.0,0.0,0.0,0.0,0.0,0.0,0.0,2019-01-09,0,0,0,0,0,0,0
103,2019-01-07,0.0,0.0,0.0,0.0,0.0,0.0,0.0,2019-01-10,0,0,0,0,0,0,0
104,2019-01-07,0.0,0.0,0.0,0.0,0.0,0.0,0.0,2019-01-11,0,0,0,0,0,0,0
105,2019-01-14,0.0,0.0,0.0,0.0,0.0,0.0,0.0,2019-01-14,0,0,0,0,0,0,0
106,2019-01-14,0.0,0.0,0.0,0.0,0.0,0.0,0.0,2019-01-15,0,0,0,0,0,0,0
107,2019-01-14,0.0,0.0,0.0,0.0,0.0,0.0,0.0,2019-01-16,0,1,0,0,0,0,0
108,2019-01-14,0.0,0.0,0.0,0.0,0.0,0.0,0.0,2019-01-17,0,1,0,0,0,0,0
109,2019-01-14,0.0,0.0,0.0,0.0,0.0,0.0,0.0,2019-01-18,0,1,0,0,0,0,0
110,2019-01-21,0.0,0.0,0.0,0.0,0.0,0.0,0.0,2019-01-22,0,1,0,0,0,0,0
111,2019-01-21,0.0,0.0,0.0,0.0,0.0,0.0,0.0,2019-01-23,0,0,0,0,0,0,0
112,2019-01-21,0.0,0.0,0.0,0.0,0.0,0.0,0.0,2019-01-24,0,0,0,0,0,0,0
113,2019-01-21,0.0,0.0,0.0,0.0,0.0,0.0,0.0,2019-01-25,0,0,0,0,0,0,0
114,2019-01-28,0.0,0.0,0.0,0.0,0.0,0.0,0.0,2019-01-28,0,1,0,0,0,0,0
115,2019-01-28,0.0,0.0,0.0,0.0,0.0,0.0,0.0,2019-01-29,1,0,0,0,0,0,0
116,2019-01-28,0.0,0.0,0.0,0.0,0.0,0.0,0.0,2019-01-30,1,1,0,0,0,1,0
117,2019-01-28,0.0,0.0,0.0,0.0,0.0,0.0,0.0,2019-01-31,1,1,1,0,0,1,0
118,2019-01-28,0.0,0.0,0.0,0.0,0.0,0.0,0.0,2019-02-01,1,0,1,0,0,1,0
119,2019-02-04,0.0,0.0,0.0,0.0,0.0,0.0,0.0,2019-02-04,1,1,1,0,0,1,0
120,2019-02-04,0.0,0.0,0.0,0.0,0.0,0.0,0.0,2019-02-05,1,1,1,0,0,1,0
121,2019-02-04,0.0,0.0,0.0,0.0,0.0,0.0,0.0,2019-02-06,1,1,1,0,0,1,0
122,2019-02-04,0.0,0.0,0.0,0.0,0.0,0.0,0.0,2019-02-07,1,0,1,0,0,1,0
123,2019-02-04,0.0,0.0,0.0,0.0,0.0,0.0,0.0,2019-02-08,1,1,1,0,0,1,0
124,2019-02-11,0.0,0.0,0.0,0.0,0.0,0.0,0.0,2019-02-11,1,1,1,0,1,1,0
125,2019-02-11,0.0,0.0,0.0,0.0,0.0,0.0,0.0,2019-02-12,1,1,1,0,1,1,0
126,2019-02-11,0.0,0.0,0.0,0.0,0.0,0.0,0.0,2019-02-13,1,1,1,0,1,1,0
127,2019-02-11,0.0,0.0,0.0,0.0,0.0,0.0,0.0,2019-02-14,1,1,1,0,1,1,0
128,2019-02-11,0.0,0.0,0.0,0.0,0.0,0.0,0.0,2019-02-15,1,1,1,0,1,1,0
129,2019-02-18,0.0,0.0,0.0,0.0,0.0,0.0,0.0,2019-02-19,1,0,1,0,1,1,0
130,2019-02-18,0.0,0.0,0.0,0.0,0.0,0.0,0.0,2019-02-20,1,0,1,0,1,1,0
131,2019-02-18,0.0,0.0,0.0,0.0,0.0,0.0,0.0,2019-02-21,1,1,1,0,1,1,0
132,2019-02-18,0.0,0.0,0.0,0.0,0.0,0.0,0.0,2019-02-22,1,1,1,0,1,1,0
133,2019-02-25,0.0,1.0,0.0,0.0,0.0,0.0,0.0,2019-02-25,1,1,1,0,1,1,1
134,2019-02-25,0.0,1.0,0.0,0.0,0.0,0.0,0.0,2019-02-26,1,0,1,0,1,1,0
135,2019-02-25,0.0,1.0,0.0,0.0,0.0,0.0,0.0,2019-02-27,1,0,1,0,1,1,0
136,2019-02-25,0.0,1.0,0.0,0.0,0.0,0.0,0.0,2019-02-28,1,1,1,0,1,1,0
137,2019-02-25,0.0,1.0,0.0,0.0,0.0,0.0,0.0,2019-03-01,1,1,1,0,1,1,0
138,2019-03-04,0.0,1.0,0.0,0.0,0.0,0.0,0.0,2019-03-04,1,1,1,1,1,1,1
139,2019-03-04,0.0,1.0,0.0,0.0,0.0,0.0,0.0,2019-03-05,1,0,1,1,1,1,0
140,2019-03-04,0.0,1.0,0.0,0.0,0.0,0.0,0.0,2019-03-06,1,1,1,1,1,1,0
141,2019-03-04,0.0,1.0,0.0,0.0,0.0,0.0,0.0,2019-03-07,1,1,1,1,1,1,0
142,2019-03-04,0.0,1.0,0.0,0.0,0.0,0.0,0.0,2019-03-08,1,1,1,1,1,1,0
143,2019-03-11,0.0,1.0,0.0,0.0,0.0,0.0,0.0,2019-03-11,1,1,1,1,1,1,1
144,2019-03-11,0.0,1.0,0.0,0.0,0.0,0.0,0.0,2019-03-12,1,1,1,1,1,1,1
145,2019-03-11,0.0,1.0,0.0,0.0,0.0,0.0,0.0,2019-03-13,1,1,1,1,1,1,1
146,2019-03-11,0.0,1.0,0.0,0.0,0.0,0.0,0.0,2019-03-14,1,1,1,1,1,1,1
147,2019-03-11,0.0,1.0,0.0,0.0,0.0,0.0,0.0,2019-03-15,1,1,1,1,1,1,1
148,2019-03-18,0.0,1.0,0.0,0.0,0.0,0.0,0.0,2019-03-18,1,1,1,1,1,1,1
149,2019-03-18,0.0,1.0,0.0,0.0,0.0,0.0,0.0,2019-03-19,1,1,1,1,1,1,1
150,2019-03-18,0.0,1.0,0.0,0.0,0.0,0.0,0.0,2019-03-20,1,1,1,1,1,1,1
151,2019-03-18,0.0,1.0,0.0,0.0,0.0,0.0,0.0,2019-03-21,1,1,1,1,1,1,1
152,2019-03-18,0.0,1.0,0.0,0.0,0.0,0.0,0.0,2019-03-22,1,1,1,1,1,1,1
153,2019-03-25,0.0,1.0,0.0,0.0,0.0,0.0,0.0,2019-03-25,1,1,1,1,1,1,1
154,2019-03-25,0.0,1.0,0.0,0.0,0.0,0.0,0.0,2019-03-26,1,1,1,1,1,1,0
155,2019-03-25,0.0,1.0,0.0,0.0,0.0,0.0,0.0,2019-03-27,1,1,1,1,1,1,0
156,2019-03-25,0.0,1.0,0.0,0.0,0.0,0.0,0.0,2019-03-28,1,1,1,1,1,1,0
157,2019-03-25,0.0,1.0,0.0,0.0,0.0,0.0,0.0,2019-03-29,1,0,1,1,1,1,1
158,2019-04-01,0.0,1.0,0.0,0.0,0.0,0.0,0.0,2019-04-01,1,0,1,1,1,1,1
159,2019-04-01,0.0,1.0,0.0,0.0,0.0,0.0,0.0,2019-04-02,1,0,1,1,1,1,0
160,2019-04-01,0.0,1.0,0.0,0.0,0.0,0.0,0.0,2019-04-03,1,0,1,1,1,1,0
161,2019-04-01,0.0,1.0,0.0,0.0,0.0,0.0,0.0,2019-04-04,1,0,1,1,1,1,0
162,2019-04-01,0.0,1.0,0.0,0.0,0.0,0.0,0.0,2019-04-05,1,1,1,1,1,1,0
163,2019-04-08,1.0,1.0,0.0,0.0,0.0,0.0,0.0,2019-04-08,1,1,1,1,1,1,1
164,2019-04-08,1.0,1.0,0.0,0.0,0.0,0.0,0.0,2019-04-09,1,1,1,1,1,1,1
165,2019-04-08,1.0,1.0,0.0,0.0,0.0,0.0,0.0,2019-04-10,1,1,1,1,1,1,0
166,2019-04-08,1.0,1.0,0.0,0.0,0.0,0.0,0.0,2019-04-11,1,0,1,1,1,1,1
167,2019-04-08,1.0,1.0,0.0,0.0,0.0,0.0,0.0,2019-04-12,1,1,1,1,1,1,1
168,2019-04-15,1.0,1.0,0.0,0.0,0.0,0.0,0.0,2019-04-15,1,1,1,1,1,1,1
169,2019-04-15,1.0,1.0,0.0,0.0,0.0,0.0,0.0,2019-04-16,1,1,1,1,1,1,1
170,2019-04-15,1.0,1.0,0.0,0.0,0.0,0.0,0.0,2019-04-17,1,1,1,1,1,1,1
171,2019-04-15,1.0,1.0,0.0,0.0,0.0,0.0,0.0,2019-04-18,1,1,1,1,1,1,1
172,2019-04-22,1.0,1.0,0.0,0.0,0.0,0.0,0.0,2019-04-22,1,1,1,1,1,1,1
173,2019-04-22,1.0,1.0,0.0,0.0,0.0,0.0,0.0,2019-04-23,1,1,1,1,1,1,1
174,2019-04-22,1.0,1.0,0.0,0.0,0.0,0.0,0.0,2019-04-24,1,1,1,1,1,1,1
175,2019-04-22,1.0,1.0,0.0,0.0,0.0,0.0,0.0,2019-04-25,1,0,1,1,1,1,1
176,2019-04-22,1.0,1.0,0.0,0.0,0.0,0.0,0.0,2019-04-26,1,1,1,1,1,1,1
177,2019-04-29,1.0,0.0,0.0,0.0,0.0,1.0,0.0,2019-04-29,1,1,1,1,1,1,0
178,2019-04-29,1.0,0.0,0.0,0.0,0.0,1.0,0.0,2019-04-30,1,1,1,1,1,1,0
179,2019-04-29,1.0,0.0,0.0,0.0,0.0,1.0,0.0,2019-05-01,1,1,1,1,1,1,1
180,2019-04-29,1.0,0.0,0.0,0.0,0.0,1.0,0.0,2019-05-02,1,1,1,1,1,1,0
181,2019-04-29,1.0,0.0,0.0,0.0,0.0,1.0,0.0,2019-05-03,1,1,1,1,1,1,1
182,2019-05-06,1.0,1.0,0.0,0.0,0.0,0.0,0.0,2019-05-06,1,1,1,1,1,1,0
183,2019-05-06,1.0,1.0,0.0,0.0,0.0,0.0,0.0,2019-05-07,1,0,1,1,1,1,0
184,2019-05-06,1.0,1.0,0.0,0.0,0.0,0.0,0.0,2019-05-08,1,1,1,1,1,1,0
185,2019-05-06,1.0,1.0,0.0,0.0,0.0,0.0,0.0,2019-05-09,1,0,1,1,1,1,0
186,2019-05-06,1.0,1.0,0.0,0.0,0.0,0.0,0.0,2019-05-10,1,0,1,1,1,1,0
187,2019-05-13,1.0,1.0,0.0,0.0,0.0,0.0,0.0,2019-05-13,0,0,0,1,1,0,0
188,2019-05-13,1.0,1.0,0.0,0.0,0.0,0.0,0.0,2019-05-14,0,0,1,1,1,0,0
189,2019-05-13,1.0,1.0,0.0,0.0,0.0,0.0,0.0,2019-05-15,0,0,1,1,1,0,0
190,2019-05-13,1.0,1.0,0.0,0.0,0.0,0.0,0.0,2019-05-16,0,0,0,1,1,0,0
191,2019-05-13,1.0,1.0,0.0,0.0,0.0,0.0,0.0,2019-05-17,0,0,0,1,1,0,0
192,2019-05-20,1.0,0.0,0.0,0.0,0.0,0.0,0.0,2019-05-20,0,0,0,1,1,0,0
193,2019-05-20,1.0,0.0,0.0,0.0,0.0,0.0,0.0,2019-05-21,0,0,0,1,1,0,0
194,2019-05-20,1.0,0.0,0.0,0.0,0.0,0.0,0.0,2019-05-22,0,0,0,0,0,0,1
195,2019-05-20,1.0,0.0,0.0,0.0,0.0,0.0,0.0,2019-05-23,0,0,0,0,0,0,1
196,2019-05-20,1.0,0.0,0.0,0.0,0.0,0.0,0.0,2019-05-24,0,0,0,0,0,0,0
197,2019-05-27,1.0,0.0,0.0,0.0,0.0,0.0,0.0,2019-05-28,0,0,0,0,0,0,0
198,2019-05-27,1.0,0.0,0.0,0.0,0.0,0.0,0.0,2019-05-29,0,0,0,0,0,0,0
199,2019-05-27,1.0,0.0,0.0,0.0,0.0,0.0,0.0,2019-05-30,0,0,0,0,0,0,0
200,2019-05-27,1.0,0.0,0.0,0.0,0.0,0.0,0.0,2019-05-31,0,0,0,0,0,0,0
201,2019-06-03,1.0,0.0,0.0,0.0,0.0,1.0,0.0,2019-06-03,0,0,0,0,0,0,0
202,2019-06-03,1.0,0.0,0.0,0.0,0.0,1.0,0.0,2019-06-04,0,0,0,0,0,0,0
203,2019-06-03,1.0,0.0,0.0,0.0,0.0,1.0,0.0,2019-06-05,0,0,0,0,0,0,0
204,2019-06-03,1.0,0.0,0.0,0.0,0.0,1.0,0.0,2019-06-06,0,1,0,0,0,0,0
205,2019-06-03,1.0,0.0,0.0,0.0,0.0,1.0,0.0,2019-06-07,0,1,0,0,0,0,0
206,2019-06-10,1.0,0.0,0.0,0.0,0.0,1.0,0.0,2019-06-10,0,1,0,1,0,0,0
207,2019-06-10,1.0,0.0,0.0,0.0,0.0,1.0,0.0,2019-06-11,0,0,0,1,0,0,0
208,2019-06-10,1.0,0.0,0.0,0.0,0.0,1.0,0.0,2019-06-12,0,0,0,1,0,0,0
209,2019-06-10,1.0,0.0,0.0,0.0,0.0,1.0,0.0,2019-06-13,0,0,0,1,0,0,0
210,2019-06-10,1.0,0.0,0.0,0.0,0.0,1.0,0.0,2019-06-14,1,1,0,1,0,0,0
211,2019-06-17,1.0,0.0,0.0,0.0,0.0,1.0,0.0,2019-06-17,1,1,0,1,0,0,0
212,2019-06-17,1.0,0.0,0.0,0.0,0.0,1.0,0.0,2019-06-18,1,1,0,1,0,1,0
213,2019-06-17,1.0,0.0,0.0,0.0,0.0,1.0,0.0,2019-06-19,1,1,0,1,0,1,0
214,2019-06-17,1.0,0.0,0.0,0.0,0.0,1.0,0.0,2019-06-20,1,1,1,1,0,1,0
215,2019-06-17,1.0,0.0,0.0,0.0,0.0,1.0,0.0,2019-06-21,1,1,1,1,0,1,0
216,2019-06-24,1.0,0.0,0.0,0.0,0.0,1.0,0.0,2019-06-24,1,0,1,1,0,1,0
217,2019-06-24,1.0,0.0,0.0,0.0,0.0,1.0,0.0,2019-06-25,1,0,1,1,0,1,0
218,2019-06-24,1.0,0.0,0.0,0.0,0.0,1.0,0.0,2019-06-26,1,1,1,1,0,1,0
219,2019-06-24,1.0,0.0,0.0,0.0,0.0,1.0,0.0,2019-06-27,1,1,1,1,0,1,0
220,2019-06-24,1.0,0.0,0.0,0.0,0.0,1.0,0.0,2019-06-28,1,1,1,1,0,1,0
221,2019-07-01,1.0,0.0,0.0,0.0,0.0,1.0,0.0,2019-07-01,1,1,1,1,1,1,0
222,2019-07-01,1.0,0.0,0.0,0.0,0.0,1.0,0.0,2019-07-02,1,0,1,1,1,1,0
223,2019-07-01,1.0,0.0,0.0,0.0,0.0,1.0,0.0,2019-07-03,1,0,1,1,1,1,0
224,2019-07-01,1.0,0.0,0.0,0.0,0.0,1.0,0.0,2019-07-05,1,1,1,1,1,1,0
225,2019-07-08,1.0,0.0,0.0,0.0,0.0,1.0,0.0,2019-07-08,1,0,1,1,1,1,0
226,2019-07-08,1.0,0.0,0.0,0.0,0.0,1.0,0.0,2019-07-09,1,1,1,1,1,1,0
227,2019-07-08,1.0,0.0,0.0,0.0,0.0,1.0,0.0,2019-07-10,1,1,1,1,1,1,0
228,2019-07-08,1.0,0.0,0.0,0.0,0.0,1.0,0.0,2019-07-11,1,1,1,1,1,1,0
229,2019-07-08,1.0,0.0,0.0,0.0,0.0,1.0,0.0,2019-07-12,1,1,1,1,1,1,0
230,2019-07-15,1.0,1.0,0.0,0.0,0.0,1.0,0.0,2019-07-15,1,1,1,1,1,1,0
231,2019-07-15,1.0,1.0,0.0,0.0,0.0,1.0,0.0,2019-07-16,1,1,1,1,1,1,0
232,2019-07-15,1.0,1.0,0.0,0.0,0.0,1.0,0.0,2019-07-17,1,0,1,1,1,1,0
233,2019-07-15,1.0,1.0,0.0,0.0,0.0,1.0,0.0,2019-07-18,1,0,1,1,1,1,0
234,2019-07-15,1.0,1.0,0.0,0.0,0.0,1.0,0.0,2019-07-19,1,1,1,1,1,1,0
235,2019-07-22,1.0,1.0,0.0,0.0,0.0,1.0,0.0,2019-07-22,1,1,1,1,1,1,1
236,2019-07-22,1.0,1.0,0.0,0.0,0.0,1.0,0.0,2019-07-23,1,1,1,1,1,1,1
237,2019-07-22,1.0,1.0,0.0,0.0,0.0,1.0,0.0,2019-07-24,1,1,1,1,1,1,1
238,2019-07-22,1.0,1.0,0.0,0.0,0.0,1.0,0.0,2019-07-25,1,1,1,1,1,1,1
239,2019-07-22,1.0,1.0,0.0,0.0,0.0,1.0,0.0,2019-07-26,1,1,1,1,1,1,1
240,2019-07-29,1.0,1.0,1.0,0.0,0.0,1.0,0.0,2019-07-29,1,1,1,1,1,1,1
241,2019-07-29,1.0,1.0,1.0,0.0,0.0,1.0,0.0,2019-07-30,1,0,1,1,1,1,0
242,2019-07-29,1.0,1.0,1.0,0.0,0.0,1.0,0.0,2019-07-31,1,1,1,1,1,1,1
243,2019-07-29,1.0,1.0,1.0,0.0,0.0,1.0,0.0,2019-08-01,1,1,1,1,1,1,0
244,2019-07-29,1.0,1.0,1.0,0.0,0.0,1.0,0.0,2019-08-02,1,0,1,1,1,1,0
245,2019-08-05,1.0,1.0,1.0,0.0,1.0,1.0,0.0,2019-08-05,0,0,1,1,1,0,0
246,2019-08-05,1.0,1.0,1.0,0.0,1.0,1.0,0.0,2019-08-06,0,0,1,1,1,0,0
247,2019-08-05,1.0,1.0,1.0,0.0,1.0,1.0,0.0,2019-08-07,0,0,1,1,1,0,0
248,2019-08-05,1.0,1.0,1.0,0.0,1.0,1.0,0.0,2019-08-08,0,0,1,1,1,0,0
249,2019-08-05,1.0,1.0,1.0,0.0,1.0,1.0,0.0,2019-08-09,0,0,1,1,1,0,0
250,2019-08-12,1.0,1.0,1.0,0.0,1.0,1.0,0.0,2019-08-12,0,0,1,1,1,0,0
251,2019-08-12,1.0,1.0,1.0,0.0,1.0,1.0,0.0,2019-08-13,0,0,1,1,1,1,0
252,2019-08-12,1.0,1.0,1.0,0.0,1.0,1.0,0.0,2019-08-14,0,0,1,1,1,0,0
253,2019-08-12,1.0,1.0,1.0,0.0,1.0,1.0,0.0,2019-08-15,0,0,1,1,1,0,1
254,2019-08-12,1.0,1.0,1.0,0.0,1.0,1.0,0.0,2019-08-16,0,1,1,1,1,1,1
255,2019-08-19,1.0,1.0,1.0,0.0,1.0,1.0,0.0,2019-08-19,0,1,1,1,1,1,1
256,2019-08-19,1.0,1.0,1.0,0.0,1.0,1.0,0.0,2019-08-20,0,1,1,1,1,1,1
257,2019-08-19,1.0,1.0,1.0,0.0,1.0,1.0,0.0,2019-08-21,1,1,1,1,1,1,1
258,2019-08-19,1.0,1.0,1.0,0.0,1.0,1.0,0.0,2019-08-22,1,1,1,1,1,1,0
259,2019-08-19,1.0,1.0,1.0,0.0,1.0,1.0,0.0,2019-08-23,1,1,1,1,1,0,0
260,2019-08-26,1.0,0.0,1.0,0.0,1.0,1.0,0.0,2019-08-26,1,0,1,1,1,1,0
261,2019-08-26,1.0,0.0,1.0,0.0,1.0,1.0,0.0,2019-08-27,1,0,1,1,1,0,0
262,2019-08-26,1.0,0.0,1.0,0.0,1.0,1.0,0.0,2019-08-28,1,1,1,1,1,0,1
263,2019-08-26,1.0,0.0,1.0,0.0,1.0,1.0,0.0,2019-08-29,1,0,1,1,1,1,1
264,2019-08-26,1.0,0.0,1.0,0.0,1.0,1.0,0.0,2019-08-30,1,0,1,1,1,0,0
265,2019-09-02,1.0,1.0,1.0,0.0,1.0,1.0,0.0,2019-09-03,1,0,1,1,1,0,0
266,2019-09-02,1.0,1.0,1.0,0.0,1.0,1.0,0.0,2019-09-04,1,0,1,1,1,0,0
267,2019-09-02,1.0,1.0,1.0,0.0,1.0,1.0,0.0,2019-09-05,1,0,1,1,1,0,0
268,2019-09-02,1.0,1.0,1.0,0.0,1.0,1.0,0.0,2019-09-06,1,0,1,1,1,0,0
269,2019-09-09,1.0,1.0,1.0,0.0,1.0,1.0,0.0,2019-09-09,1,1,1,1,1,1,0
270,2019-09-09,1.0,1.0,1.0,0.0,1.0,1.0,0.0,2019-09-10,1,1,1,1,1,1,0
271,2019-09-09,1.0,1.0,1.0,0.0,1.0,1.0,0.0,2019-09-11,1,1,1,1,1,1,1
272,2019-09-09,1.0,1.0,1.0,0.0,1.0,1.0,0.0,2019-09-12,1,1,1,1,1,1,1
273,2019-09-09,1.0,1.0,1.0,0.0,1.0,1.0,0.0,2019-09-13,1,1,1,1,1,1,0
274,2019-09-16,1.0,0.0,1.0,0.0,1.0,1.0,0.0,2019-09-16,1,1,1,1,1,1,0
275,2019-09-16,1.0,0.0,1.0,0.0,1.0,1.0,0.0,2019-09-17,1,1,1,1,1,1,0
276,2019-09-16,1.0,0.0,1.0,0.0,1.0,1.0,0.0,2019-09-18,1,1,1,1,1,1,0
277,2019-09-16,1.0,0.0,1.0,0.0,1.0,1.0,0.0,2019-09-19,1,0,1,1,1,1,0
278,2019-09-16,1.0,0.0,1.0,0.0,1.0,1.0,0.0,2019-09-20,1,1,1,1,1,1,0
279,2019-09-23,1.0,0.0,1.0,0.0,1.0,1.0,0.0,2019-09-23,1,1,1,1,1,1,0
280,2019-09-23,1.0,0.0,1.0,0.0,1.0,1.0,0.0,2019-09-24,1,0,1,1,1,1,0
281,2019-09-23,1.0,0.0,1.0,0.0,1.0,1.0,0.0,2019-09-25,1,0,1,1,1,1,0
282,2019-09-23,1.0,0.0,1.0,0.0,1.0,1.0,0.0,2019-09-26,1,1,1,1,1,1,0
283,2019-09-23,1.0,0.0,1.0,0.0,1.0,1.0,0.0,2019-09-27,1,0,1,1,1,1,0
284,2019-09-30,1.0,1.0,1.0,0.0,1.0,1.0,0.0,2019-09-30,1,1,1,1,1,1,0
285,2019-09-30,1.0,1.0,1.0,0.0,1.0,1.0,0.0,2019-10-01,1,1,1,1,1,1,1
286,2019-09-30,1.0,1.0,1.0,0.0,1.0,1.0,0.0,2019-10-02,1,0,1,1,1,1,0
287,2019-09-30,1.0,1.0,1.0,0.0,1.0,1.0,0.0,2019-10-03,1,0,1,1,1,1,0
288,2019-09-30,1.0,1.0,1.0,0.0,1.0,1.0,0.0,2019-10-04,1,1,1,1,1,1,0
289,2019-10-07,1.0,1.0,1.0,0.0,1.0,1.0,1.0,2019-10-07,1,1,1,1,1,1,1
290,2019-10-07,1.0,1.0,1.0,0.0,1.0,1.0,1.0,2019-10-08,1,0,1,1,1,1,0
291,2019-10-07,1.0,1.0,1.0,0.0,1.0,1.0,1.0,2019-10-09,1,1,1,1,1,1,0
292,2019-10-07,1.0,1.0,1.0,0.0,1.0,1.0,1.0,2019-10-10,1,1,1,1,1,1,1
293,2019-10-07,1.0,1.0,1.0,0.0,1.0,1.0,1.0,2019-10-11,1,1,1,1,1,1,1
294,2019-10-14,1.0,1.0,1.0,0.0,1.0,1.0,1.0,2019-10-14,1,1,1,1,1,1,1
295,2019-10-14,1.0,1.0,1.0,0.0,1.0,1.0,1.0,2019-10-15,1,1,1,1,1,1,0
296,2019-10-14,1.0,1.0,1.0,0.0,1.0,1.0,1.0,2019-10-16,1,1,1,1,1,1,0
297,2019-10-14,1.0,1.0,1.0,0.0,1.0,1.0,1.0,2019-10-17,1,1,1,1,1,1,1
298,2019-10-14,1.0,1.0,1.0,0.0,1.0,1.0,1.0,2019-10-18,1,0,1,1,1,1,0
299,2019-10-21,1.0,1.0,1.0,0.0,1.0,1.0,1.0,2019-10-21,1,1,1,1,1,1,1
300,2019-10-21,1.0,1.0,1.0,0.0,1.0,1.0,1.0,2019-10-22,1,1,1,1,1,1,1
301,2019-10-21,1.0,1.0,1.0,0.0,1.0,1.0,1.0,2019-10-23,1,1,1,1,1,1,1
302,2019-10-21,1.0,1.0,1.0,0.0,1.0,1.0,1.0,2019-10-24,1,1,1,1,1,1,1
303,2019-10-21,1.0,1.0,1.0,0.0,1.0,1.0,1.0,2019-10-25,1,1,1,1,1,1,1
304,2019-10-28,1.0,1.0,1.0,0.0,1.0,1.0,1.0,2019-10-28,1,1,1,1,1,1,1
305,2019-10-28,1.0,1.0,1.0,0.0,1.0,1.0,1.0,2019-10-29,1,1,1,1,1,1,1
306,2019-10-28,1.0,1.0,1.0,0.0,1.0,1.0,1.0,2019-10-30,1,1,1,1,1,1,0
307,2019-10-28,1.0,1.0,1.0,0.0,1.0,1.0,1.0,2019-10-31,1,1,1,1,1,1,0
308,2019-10-28,1.0,1.0,1.0,0.0,1.0,1.0,1.0,2019-11-01,1,1,1,1,1,1,1
309,2019-11-04,1.0,1.0,1.0,0.0,1.0,1.0,1.0,2019-11-04,1,1,1,1,1,1,1
310,2019-11-04,1.0,1.0,1.0,0.0,1.0,1.0,1.0,2019-11-05,1,1,1,1,1,1,1
311,2019-11-04,1.0,1.0,1.0,0.0,1.0,1.0,1.0,2019-11-06,1,0,1,1,1,1,1
312,2019-11-04,1.0,1.0,1.0,0.0,1.0,1.0,1.0,2019-11-07,1,1,1,1,1,1,1
313,2019-11-04,1.0,1.0,1.0,0.0,1.0,1.0,1.0,2019-11-08,1,1,1,1,1,1,1
314,2019-11-11,1.0,1.0,1.0,0.0,1.0,1.0,1.0,2019-11-11,1,1,1,1,1,1,1
315,2019-11-11,1.0,1.0,1.0,0.0,1.0,1.0,1.0,2019-11-12,1,1,1,1,1,1,1
316,2019-11-11,1.0,1.0,1.0,0.0,1.0,1.0,1.0,2019-11-13,1,1,1,1,1,1,1
317,2019-11-11,1.0,1.0,1.0,0.0,1.0,1.0,1.0,2019-11-14,1,1,1,1,1,1,1
318,2019-11-11,1.0,1.0,1.0,0.0,1.0,1.0,1.0,2019-11-15,1,1,1,1,1,1,1
319,2019-11-18,1.0,1.0,1.0,0.0,1.0,1.0,1.0,2019-11-18,1,1,1,1,1,1,1
320,2019-11-18,1.0,1.0,1.0,0.0,1.0,1.0,1.0,2019-11-19,1,1,1,1,1,1,1
321,2019-11-18,1.0,1.0,1.0,0.0,1.0,1.0,1.0,2019-11-20,1,0,1,1,1,1,1
322,2019-11-18,1.0,1.0,1.0,0.0,1.0,1.0,1.0,2019-11-21,1,1,1,1,1,1,1
323,2019-11-18,1.0,1.0,1.0,0.0,1.0,1.0,1.0,2019-11-22,1,1,1,1,1,1,0
324,2019-11-25,1.0,0.0,1.0,0.0,1.0,1.0,0.0,2019-11-25,1,1,1,1,1,1,0
325,2019-11-25,1.0,0.0,1.0,0.0,1.0,1.0,0.0,2019-11-26,1,0,1,1,1,1,0
326,2019-11-25,1.0,0.0,1.0,0.0,1.0,1.0,0.0,2019-11-27,1,0,1,1,1,1,0
327,2019-11-25,1.0,0.0,1.0,0.0,1.0,1.0,0.0,2019-11-29,1,0,1,1,1,1,0
328,2019-12-02,1.0,1.0,1.0,0.0,1.0,1.0,1.0,2019-12-02,1,1,1,1,1,1,1
329,2019-12-02,1.0,1.0,1.0,0.0,1.0,1.0,1.0,2019-12-03,1,0,1,1,1,1,0
330,2019-12-02,1.0,1.0,1.0,0.0,1.0,1.0,1.0,2019-12-04,1,0,1,1,1,1,0
331,2019-12-02,1.0,1.0,1.0,0.0,1.0,1.0,1.0,2019-12-05,1,0,1,1,1,1,0
332,2019-12-02,1.0,1.0,1.0,0.0,1.0,1.0,1.0,2019-12-06,1,1,1,1,1,1,1
333,2019-12-09,1.0,1.0,1.0,0.0,1.0,1.0,1.0,2019-12-09,1,1,1,1,1,1,0
334,2019-12-09,1.0,1.0,1.0,0.0,1.0,1.0,1.0,2019-12-10,1,1,1,1,1,1,0
335,2019-12-09,1.0,1.0,1.0,0.0,1.0,1.0,1.0,2019-12-11,1,1,1,1,1,1,1
336,2019-12-09,1.0,1.0,1.0,0.0,1.0,1.0,1.0,2019-12-12,1,1,1,1,1,1,1
337,2019-12-09,1.0,1.0,1.0,0.0,1.0,1.0,1.0,2019-12-13,0,1,1,1,1,1,1
338,2019-12-16,1.0,1.0,1.0,0.0,1.0,1.0,1.0,2019-12-16,1,1,1,1,1,1,1
339,2019-12-16,1.0,1.0,1.0,0.0,1.0,1.0,1.0,2019-12-17,1,1,1,1,1,1,1
340,2019-12-16,1.0,1.0,1.0,0.0,1.0,1.0,1.0,2019-12-18,1,1,1,1,1,1,1
341,2019-12-16,1.0,1.0,1.0,0.0,1.0,1.0,1.0,2019-12-19,1,0,1,1,1,1,0
342,2019-12-16,1.0,1.0,1.0,0.0,1.0,1.0,1.0,2019-12-20,1,1,1,1,1,1,1
343,2019-12-23,1.0,1.0,1.0,0.0,1.0,1.0,1.0,2019-12-23,1,1,1,1,1,1,1
344,2019-12-23,1.0,1.0,1.0,0.0,1.0,1.0,1.0,2019-12-24,1,1,1,1,1,1,1
345,2019-12-23,1.0,1.0,1.0,0.0,1.0,1.0,1.0,2019-12-26,1,1,1,1,1,1,1
346,2019-12-23,1.0,1.0,1.0,0.0,1.0,1.0,1.0,2019-12-27,1,1,1,1,1,1,1
347,2019-12-30,1.0,1.0,1.0,0.0,1.0,1.0,1.0,2019-12-30,1,1,1,1,1,1,0
348,2019-12-30,1.0,1.0,1.0,0.0,1.0,1.0,1.0,2019-12-31,1,0,1,1,1,1,1
349,2019-12-30,1.0,1.0,1.0,0.0,1.0,1.0,1.0,2020-01-02,1,1,1,1,1,1,1
350,2019-12-30,1.0,1.0,1.0,0.0,1.0,1.0,1.0,2020-01-03,1,0,1,1,1,1,1
351,2020-01-06,1.0,1.0,1.0,0.0,1.0,1.0,1.0,2020-01-06,1,1,1,1,1,1,0
352,2020-01-06,1.0,1.0,1.0,0.0,1.0,1.0,1.0,2020-01-07,1,1,1,1,1,1,1
353,2020-01-06,1.0,1.0,1.0,0.0,1.0,1.0,1.0,2020-01-08,1,1,1,1,1,1,1
354,2020-01-06,1.0,1.0,1.0,0.0,1.0,1.0,1.0,2020-01-09,1,1,1,1,1,1,1
355,2020-01-06,1.0,1.0,1.0,0.0,1.0,1.0,1.0,2020-01-10,1,1,1,1,1,1,1
356,2020-01-13,1.0,1.0,1.0,0.0,1.0,1.0,1.0,2020-01-13,1,1,1,1,1,1,1
357,2020-01-13,1.0,1.0,1.0,0.0,1.0,1.0,1.0,2020-01-14,1,1,1,1,1,1,1
358,2020-01-13,1.0,1.0,1.0,0.0,1.0,1.0,1.0,2020-01-15,1,0,1,1,1,1,0
359,2020-01-13,1.0,1.0,1.0,0.0,1.0,1.0,1.0,2020-01-16,1,1,1,1,1,1,1
360,2020-01-13,1.0,1.0,1.0,0.0,1.0,1.0,1.0,2020-01-17,1,1,1,1,1,1,1
361,2020-01-20,1.0,1.0,1.0,0.0,1.0,1.0,1.0,2020-01-21,1,1,1,1,1,1,1
362,2020-01-20,1.0,1.0,1.0,0.0,1.0,1.0,1.0,2020-01-22,1,1,1,1,1,1,1
363,2020-01-20,1.0,1.0,1.0,0.0,1.0,1.0,1.0,2020-01-23,1,1,1,1,1,1,1
364,2020-01-20,1.0,1.0,1.0,0.0,1.0,1.0,1.0,2020-01-24,1,1,1,1,1,1,1
365,2020-01-27,1.0,1.0,1.0,1.0,1.0,1.0,1.0,2020-01-27,1,0,1,1,1,1,0
366,2020-01-27,1.0,1.0,1.0,1.0,1.0,1.0,1.0,2020-01-28,1,0,1,1,1,1,0
367,2020-01-27,1.0,1.0,1.0,1.0,1.0,1.0,1.0,2020-01-29,1,1,1,1,1,1,1
368,2020-01-27,1.0,1.0,1.0,1.0,1.0,1.0,1.0,2020-01-30,1,1,1,1,1,1,0
369,2020-01-27,1.0,1.0,1.0,1.0,1.0,1.0,1.0,2020-01-31,1,1,1,1,1,1,0
370,2020-02-03,1.0,1.0,1.0,1.0,1.0,1.0,1.0,2020-02-03,1,0,1,1,1,1,0
371,2020-02-03,1.0,1.0,1.0,1.0,1.0,1.0,1.0,2020-02-04,1,1,1,1,1,1,0
372,2020-02-03,1.0,1.0,1.0,1.0,1.0,1.0,1.0,2020-02-05,1,0,1,1,1,1,0
373,2020-02-03,1.0,1.0,1.0,1.0,1.0,1.0,1.0,2020-02-06,1,1,1,1,1,1,0
374,2020-02-03,1.0,1.0,1.0,1.0,1.0,1.0,1.0,2020-02-07,1,1,1,1,1,1,0
375,2020-02-10,1.0,1.0,1.0,1.0,1.0,1.0,1.0,2020-02-10,1,0,1,1,1,1,0
376,2020-02-10,1.0,1.0,1.0,1.0,1.0,1.0,1.0,2020-02-11,1,0,1,1,1,1,0
377,2020-02-10,1.0,1.0,1.0,1.0,1.0,1.0,1.0,2020-02-12,1,1,1,1,1,1,1
378,2020-02-10,1.0,1.0,1.0,1.0,1.0,1.0,1.0,2020-02-13,1,0,1,1,1,1,0
379,2020-02-10,1.0,1.0,1.0,1.0,1.0,1.0,1.0,2020-02-14,1,1,1,1,1,1,0
380,2020-02-17,1.0,1.0,1.0,1.0,1.0,1.0,1.0,2020-02-18,1,1,1,1,1,1,0
381,2020-02-17,1.0,1.0,1.0,1.0,1.0,1.0,1.0,2020-02-19,1,0,1,1,1,1,1
382,2020-02-17,1.0,1.0,1.0,1.0,1.0,1.0,1.0,2020-02-20,1,0,1,1,1,1,1
383,2020-02-17,1.0,1.0,1.0,1.0,1.0,1.0,1.0,2020-02-21,1,0,1,1,1,0,1
384,2020-02-24,1.0,0.0,1.0,1.0,1.0,1.0,0.0,2020-02-24,0,0,1,1,1,0,0
385,2020-02-24,1.0,0.0,1.0,1.0,1.0,1.0,0.0,2020-02-25,0,0,0,1,1,0,1
386,2020-02-24,1.0,0.0,1.0,1.0,1.0,1.0,0.0,2020-02-26,0,0,0,1,1,0,1
387,2020-02-24,1.0,0.0,1.0,1.0,1.0,1.0,0.0,2020-02-27,0,0,0,0,1,0,0
388,2020-02-24,1.0,0.0,1.0,1.0,1.0,1.0,0.0,2020-02-28,0,0,0,0,0,0,0
389,2020-03-02,1.0,1.0,1.0,1.0,1.0,1.0,1.0,2020-03-02,0,0,0,1,0,0,0
390,2020-03-02,1.0,1.0,1.0,1.0,1.0,1.0,1.0,2020-03-03,0,0,0,1,0,0,0
391,2020-03-02,1.0,1.0,1.0,1.0,1.0,1.0,1.0,2020-03-04,0,0,0,1,0,0,0
392,2020-03-02,1.0,1.0,1.0,1.0,1.0,1.0,1.0,2020-03-05,0,0,0,1,0,0,0
393,2020-03-02,1.0,1.0,1.0,1.0,1.0,1.0,1.0,2020-03-06,0,0,0,0,0,0,0
394,2020-03-09,1.0,0.0,1.0,1.0,1.0,1.0,0.0,2020-03-09,0,0,0,0,0,0,0
395,2020-03-09,1.0,0.0,1.0,1.0,1.0,1.0,0.0,2020-03-10,0,0,0,0,0,0,0
396,2020-03-09,1.0,0.0,1.0,1.0,1.0,1.0,0.0,2020-03-11,0,0,0,0,0,0,0
397,2020-03-09,1.0,0.0,1.0,1.0,1.0,1.0,0.0,2020-03-12,0,0,0,0,0,0,0
398,2020-03-09,1.0,0.0,1.0,1.0,1.0,1.0,0.0,2020-03-13,0,0,0,0,0,0,0
399,2020-03-16,1.0,0.0,1.0,1.0,1.0,1.0,0.0,2020-03-16,0,0,0,0,0,0,0
400,2020-03-16,1.0,0.0,1.0,1.0,1.0,1.0,0.0,2020-03-17,0,0,0,0,0,0,0
401,2020-03-16,1.0,0.0,1.0,1.0,1.0,1.0,0.0,2020-03-18,0,0,0,0,0,0,0
402,2020-03-16,1.0,0.0,1.0,1.0,1.0,1.0,0.0,2020-03-19,0,0,0,0,0,0,0
403,2020-03-16,1.0,0.0,1.0,1.0,1.0,1.0,0.0,2020-03-20,0,0,0,0,0,0,0
404,2020-03-23,0.0,0.0,1.0,1.0,1.0,1.0,0.0,2020-03-23,0,0,0,0,0,0,0
405,2020-03-23,0.0,0.0,1.0,1.0,1.0,1.0,0.0,2020-03-24,0,0,0,0,0,0,0
406,2020-03-23,0.0,0.0,1.0,1.0,1.0,1.0,0.0,2020-03-25,0,0,0,0,0,0,0
407,2020-03-23,0.0,0.0,1.0,1.0,1.0,1.0,0.0,2020-03-26,0,0,0,0,0,0,0
408,2020-03-23,0.0,0.0,1.0,1.0,1.0,1.0,0.0,2020-03-27,0,0,0,0,0,0,0
409,2020-03-30,0.0,0.0,1.0,1.0,1.0,1.0,0.0,2020-03-30,0,0,0,0,0,0,0
410,2020-03-30,0.0,0.0,1.0,1.0,1.0,1.0,0.0,2020-03-31,0,1,0,0,0,0,0
411,2020-03-30,0.0,0.0,1.0,1.0,1.0,1.0,0.0,2020-04-01,0,0,0,0,0,0,0
412,2020-03-30,0.0,0.0,1.0,1.0,1.0,1.0,0.0,2020-04-02,0,0,0,0,0,0,0
413,2020-03-30,0.0,0.0,1.0,1.0,1.0,1.0,0.0,2020-04-03,0,1,0,0,0,0,0
414,2020-04-06,0.0,0.0,1.0,1.0,1.0,1.0,0.0,2020-04-06,0,1,0,0,0,0,0
415,2020-04-06,0.0,0.0,1.0,1.0,1.0,1.0,0.0,2020-04-07,0,1,0,0,0,0,0
416,2020-04-06,0.0,0.0,1.0,1.0,1.0,1.0,0.0,2020-04-08,0,0,0,0,0,0,0
417,2020-04-06,0.0,0.0,1.0,1.0,1.0,1.0,0.0,2020-04-09,0,0,0,0,0,0,0
418,2020-04-13,0.0,0.0,1.0,1.0,1.0,1.0,0.0,2020-04-13,1,0,0,0,0,0,0
419,2020-04-13,0.0,0.0,1.0,1.0,1.0,1.0,0.0,2020-04-14,1,1,1,0,0,1,0
420,2020-04-13,0.0,0.0,1.0,1.0,1.0,1.0,0.0,2020-04-15,1,0,0,0,0,0,0
421,2020-04-13,0.0,0.0,1.0,1.0,1.0,1.0,0.0,2020-04-16,1,1,1,0,0,1,0
422,2020-04-13,0.0,0.0,1.0,1.0,1.0,1.0,0.0,2020-04-17,1,1,1,0,0,1,0
423,2020-04-20,0.0,0.0,1.0,1.0,1.0,1.0,0.0,2020-04-20,1,1,0,0,0,0,0
424,2020-04-20,0.0,0.0,1.0,1.0,1.0,1.0,0.0,2020-04-21,1,1,0,0,0,1,0
425,2020-04-20,0.0,0.0,1.0,1.0,1.0,1.0,0.0,2020-04-22,1,1,1,0,0,1,0
426,2020-04-20,0.0,0.0,1.0,1.0,1.0,1.0,0.0,2020-04-23,1,1,1,0,0,1,0
427,2020-04-20,0.0,0.0,1.0,1.0,1.0,1.0,0.0,2020-04-24,1,0,1,1,0,1,0
428,2020-04-27,0.0,0.0,1.0,1.0,1.0,1.0,0.0,2020-04-27,1,0,1,1,0,1,0
429,2020-04-27,0.0,0.0,1.0,1.0,1.0,1.0,0.0,2020-04-28,1,0,1,1,0,1,0
430,2020-04-27,0.0,0.0,1.0,1.0,1.0,1.0,0.0,2020-04-29,1,1,1,1,1,1,0
431,2020-04-27,0.0,0.0,1.0,1.0,1.0,1.0,0.0,2020-04-30,1,1,1,1,1,1,0
432,2020-04-27,0.0,0.0,1.0,1.0,1.0,1.0,0.0,2020-05-01,1,1,1,1,1,1,0
433,2020-05-04,0.0,1.0,1.0,1.0,1.0,1.0,0.0,2020-05-04,1,1,1,1,1,1,0
434,2020-05-04,0.0,1.0,1.0,1.0,1.0,1.0,0.0,2020-05-05,1,1,1,1,1,1,0
435,2020-05-04,0.0,1.0,1.0,1.0,1.0,1.0,0.0,2020-05-06,1,1,1,1,1,1,0
436,2020-05-04,0.0,1.0,1.0,1.0,1.0,1.0,0.0,2020-05-07,1,1,1,1,1,1,1
437,2020-05-04,0.0,1.0,1.0,1.0,1.0,1.0,0.0,2020-05-08,1,1,1,1,1,1,1
438,2020-05-11,0.0,1.0,1.0,1.0,1.0,1.0,0.0,2020-05-11,1,1,1,1,1,1,1
439,2020-05-11,0.0,1.0,1.0,1.0,1.0,1.0,0.0,2020-05-12,1,1,1,1,1,1,1
440,2020-05-11,0.0,1.0,1.0,1.0,1.0,1.0,0.0,2020-05-13,1,1,1,1,1,1,0
441,2020-05-11,0.0,1.0,1.0,1.0,1.0,1.0,0.0,2020-05-14,1,1,1,1,1,1,0
442,2020-05-11,0.0,1.0,1.0,1.0,1.0,1.0,0.0,2020-05-15,1,1,1,1,1,1,0
443,2020-05-18,0.0,1.0,1.0,1.0,1.0,1.0,0.0,2020-05-18,1,1,1,1,1,1,0
444,2020-05-18,0.0,1.0,1.0,1.0,1.0,1.0,0.0,2020-05-19,1,1,1,1,1,1,0
445,2020-05-18,0.0,1.0,1.0,1.0,1.0,1.0,0.0,2020-05-20,1,0,1,1,1,1,0
446,2020-05-18,0.0,1.0,1.0,1.0,1.0,1.0,0.0,2020-05-21,1,1,1,1,1,1,1
447,2020-05-18,0.0,1.0,1.0,1.0,1.0,1.0,0.0,2020-05-22,1,0,1,1,1,1,0
448,2020-05-25,1.0,1.0,1.0,1.0,1.0,1.0,0.0,2020-05-26,1,1,1,1,1,1,1
449,2020-05-25,1.0,1.0,1.0,1.0,1.0,1.0,0.0,2020-05-27,1,0,1,1,1,1,0
450,2020-05-25,1.0,1.0,1.0,1.0,1.0,1.0,0.0,2020-05-28,1,1,1,1,1,1,0
451,2020-05-25,1.0,1.0,1.0,1.0,1.0,1.0,0.0,2020-05-29,1,1,1,1,1,1,0
452,2020-06-01,1.0,1.0,1.0,1.0,1.0,1.0,1.0,2020-06-01,1,1,1,1,1,1,0
453,2020-06-01,1.0,1.0,1.0,1.0,1.0,1.0,1.0,2020-06-02,1,1,1,1,1,1,0
454,2020-06-01,1.0,1.0,1.0,1.0,1.0,1.0,1.0,2020-06-03,1,1,1,1,1,1,1
455,2020-06-01,1.0,1.0,1.0,1.0,1.0,1.0,1.0,2020-06-04,1,1,1,1,1,1,0
456,2020-06-01,1.0,1.0,1.0,1.0,1.0,1.0,1.0,2020-06-05,1,1,1,1,1,1,1
457,2020-06-08,1.0,1.0,1.0,1.0,1.0,1.0,1.0,2020-06-08,1,1,1,1,1,1,1
458,2020-06-08,1.0,1.0,1.0,1.0,1.0,1.0,1.0,2020-06-09,1,1,1,1,1,1,1
459,2020-06-08,1.0,1.0,1.0,1.0,1.0,1.0,1.0,2020-06-10,1,1,1,1,1,1,1
460,2020-06-08,1.0,1.0,1.0,1.0,1.0,1.0,1.0,2020-06-11,1,1,1,1,1,1,0
461,2020-06-08,1.0,1.0,1.0,1.0,1.0,1.0,1.0,2020-06-12,1,1,1,1,1,1,0
462,2020-06-15,1.0,1.0,1.0,1.0,1.0,1.0,1.0,2020-06-15,1,1,1,1,1,1,0
463,2020-06-15,1.0,1.0,1.0,1.0,1.0,1.0,1.0,2020-06-16,1,0,1,1,1,1,0
464,2020-06-15,1.0,1.0,1.0,1.0,1.0,1.0,1.0,2020-06-17,1,1,1,1,1,1,1
465,2020-06-15,1.0,1.0,1.0,1.0,1.0,1.0,1.0,2020-06-18,1,1,1,1,1,1,1
466,2020-06-15,1.0,1.0,1.0,1.0,1.0,1.0,1.0,2020-06-19,1,1,1,1,1,1,1
467,2020-06-22,1.0,1.0,1.0,1.0,1.0,1.0,1.0,2020-06-22,1,1,1,1,1,1,1
468,2020-06-22,1.0,1.0,1.0,1.0,1.0,1.0,1.0,2020-06-23,1,1,1,1,1,1,1
469,2020-06-22,1.0,1.0,1.0,1.0,1.0,1.0,1.0,2020-06-24,1,1,1,1,1,1,1
470,2020-06-22,1.0,1.0,1.0,1.0,1.0,1.0,1.0,2020-06-25,1,1,1,1,1,1,0
471,2020-06-22,1.0,1.0,1.0,1.0,1.0,1.0,1.0,2020-06-26,1,1,1,1,1,1,0
472,2020-06-29,1.0,1.0,1.0,1.0,1.0,1.0,0.0,2020-06-29,1,1,1,1,1,1,0
473,2020-06-29,1.0,1.0,1.0,1.0,1.0,1.0,0.0,2020-06-30,1,0,1,1,1,1,0
474,2020-06-29,1.0,1.0,1.0,1.0,1.0,1.0,0.0,2020-07-01,1,0,1,1,1,1,0
475,2020-06-29,1.0,1.0,1.0,1.0,1.0,1.0,0.0,2020-07-02,1,1,1,1,1,1,0
476,2020-07-06,1.0,1.0,1.0,1.0,1.0,1.0,1.0,2020-07-06,1,1,1,1,1,1,1
477,2020-07-06,1.0,1.0,1.0,1.0,1.0,1.0,1.0,2020-07-07,1,1,1,1,1,1,1
478,2020-07-06,1.0,1.0,1.0,1.0,1.0,1.0,1.0,2020-07-08,1,1,1,1,1,1,1
479,2020-07-06,1.0,1.0,1.0,1.0,1.0,1.0,1.0,2020-07-09,1,1,1,1,1,1,1
480,2020-07-06,1.0,1.0,1.0,1.0,1.0,1.0,1.0,2020-07-10,1,0,1,1,1,1,0
481,2020-07-13,1.0,1.0,1.0,1.0,1.0,1.0,1.0,2020-07-13,1,1,1,1,1,1,1
482,2020-07-13,1.0,1.0,1.0,1.0,1.0,1.0,1.0,2020-07-14,1,1,1,1,1,1,1
483,2020-07-13,1.0,1.0,1.0,1.0,1.0,1.0,1.0,2020-07-15,1,1,1,1,1,1,0
484,2020-07-13,1.0,1.0,1.0,1.0,1.0,1.0,1.0,2020-07-16,1,1,1,1,1,1,1
485,2020-07-13,1.0,1.0,1.0,1.0,1.0,1.0,1.0,2020-07-17,1,1,1,1,1,1,1
486,2020-07-20,1.0,1.0,1.0,1.0,1.0,1.0,0.0,2020-07-20,1,1,1,1,1,1,1
487,2020-07-20,1.0,1.0,1.0,1.0,1.0,1.0,0.0,2020-07-21,1,0,1,1,1,1,1
488,2020-07-20,1.0,1.0,1.0,1.0,1.0,1.0,0.0,2020-07-22,1,1,1,1,1,1,0
489,2020-07-20,1.0,1.0,1.0,1.0,1.0,1.0,0.0,2020-07-23,1,0,1,1,1,1,0
490,2020-07-20,1.0,1.0,1.0,1.0,1.0,1.0,0.0,2020-07-24,1,0,1,1,1,1,0
491,2020-07-27,1.0,1.0,1.0,1.0,1.0,1.0,1.0,2020-07-27,1,0,1,1,1,1,0
492,2020-07-27,1.0,1.0,1.0,1.0,1.0,1.0,1.0,2020-07-28,1,1,1,1,1,1,0
493,2020-07-27,1.0,1.0,1.0,1.0,1.0,1.0,1.0,2020-07-29,1,1,1,1,1,1,0
494,2020-07-27,1.0,1.0,1.0,1.0,1.0,1.0,1.0,2020-07-30,1,0,1,1,1,1,1
495,2020-07-27,1.0,1.0,1.0,1.0,1.0,1.0,1.0,2020-07-31,1,1,1,1,1,1,1
496,2020-08-03,1.0,1.0,1.0,1.0,1.0,1.0,1.0,2020-08-03,1,1,1,1,1,1,1
497,2020-08-03,1.0,1.0,1.0,1.0,1.0,1.0,1.0,2020-08-04,1,0,1,1,1,1,0
498,2020-08-03,1.0,1.0,1.0,1.0,1.0,1.0,1.0,2020-08-05,0,1,1,1,1,1,0
499,2020-08-03,1.0,1.0,1.0,1.0,1.0,1.0,1.0,2020-08-06,1,1,1,1,1,1,1
500,2020-08-03,1.0,1.0,1.0,1.0,1.0,1.0,1.0,2020-08-07,1,0,1,1,1,1,0
501,2020-08-10,1.0,1.0,1.0,1.0,1.0,1.0,1.0,2020-08-10,1,1,1,1,1,1,1
502,2020-08-10,1.0,1.0,1.0,1.0,1.0,1.0,1.0,2020-08-11,1,1,1,1,1,1,1
503,2020-08-10,1.0,1.0,1.0,1.0,1.0,1.0,1.0,2020-08-12,1,1,1,1,1,1,1
504,2020-08-10,1.0,1.0,1.0,1.0,1.0,1.0,1.0,2020-08-13,1,1,1,1,1,1,1
505,2020-08-10,1.0,1.0,1.0,1.0,1.0,1.0,1.0,2020-08-14,1,1,1,1,1,1,1
506,2020-08-17,1.0,1.0,1.0,1.0,1.0,1.0,1.0,2020-08-17,1,1,1,1,1,1,1
507,2020-08-17,1.0,1.0,1.0,1.0,1.0,1.0,1.0,2020-08-18,1,1,1,1,1,1,1
508,2020-08-17,1.0,1.0,1.0,1.0,1.0,1.0,1.0,2020-08-19,1,1,1,1,1,1,1
509,2020-08-17,1.0,1.0,1.0,1.0,1.0,1.0,1.0,2020-08-20,1,1,1,1,1,1,1
510,2020-08-17,1.0,1.0,1.0,1.0,1.0,1.0,1.0,2020-08-21,1,1,1,1,1,1,1
511,2020-08-24,1.0,1.0,1.0,1.0,1.0,1.0,1.0,2020-08-24,1,1,1,1,1,1,1
512,2020-08-24,1.0,1.0,1.0,1.0,1.0,1.0,1.0,2020-08-25,1,1,1,1,1,1,0
513,2020-08-24,1.0,1.0,1.0,1.0,1.0,1.0,1.0,2020-08-26,1,0,1,1,1,1,0
514,2020-08-24,1.0,1.0,1.0,1.0,1.0,1.0,1.0,2020-08-27,1,1,1,1,1,1,1
515,2020-08-24,1.0,1.0,1.0,1.0,1.0,1.0,1.0,2020-08-28,1,1,1,1,1,1,1
516,2020-08-31,1.0,1.0,1.0,1.0,1.0,1.0,1.0,2020-08-31,1,1,1,1,1,1,1
517,2020-08-31,1.0,1.0,1.0,1.0,1.0,1.0,1.0,2020-09-01,1,1,1,1,1,1,1
518,2020-08-31,1.0,1.0,1.0,1.0,1.0,1.0,1.0,2020-09-02,1,1,1,1,1,1,1
519,2020-08-31,1.0,1.0,1.0,1.0,1.0,1.0,1.0,2020-09-03,1,1,1,1,1,1,1
520,2020-08-31,1.0,1.0,1.0,1.0,1.0,1.0,1.0,2020-09-04,1,0,1,1,1,1,0
521,2020-09-07,1.0,0.0,1.0,1.0,1.0,1.0,1.0,2020-09-08,1,1,1,1,1,1,0
522,2020-09-07,1.0,0.0,1.0,1.0,1.0,1.0,1.0,2020-09-09,1,1,1,1,1,1,0
523,2020-09-07,1.0,0.0,1.0,1.0,1.0,1.0,1.0,2020-09-10,1,1,1,1,1,1,0
524,2020-09-07,1.0,0.0,1.0,1.0,1.0,1.0,1.0,2020-09-11,1,0,1,1,1,0,1
525,2020-09-14,1.0,0.0,1.0,1.0,1.0,1.0,0.0,2020-09-14,1,0,1,1,1,1,0
526,2020-09-14,1.0,0.0,1.0,1.0,1.0,1.0,0.0,2020-09-15,1,0,1,1,1,1,0
527,2020-09-14,1.0,0.0,1.0,1.0,1.0,1.0,0.0,2020-09-16,0,0,1,1,1,0,0
528,2020-09-14,1.0,0.0,1.0,1.0,1.0,1.0,0.0,2020-09-17,0,0,1,1,1,0,0
529,2020-09-14,1.0,0.0,1.0,1.0,1.0,1.0,0.0,2020-09-18,0,0,0,1,1,0,0
530,2020-09-21,1.0,1.0,1.0,1.0,1.0,1.0,0.0,2020-09-21,0,0,1,1,1,0,0
531,2020-09-21,1.0,1.0,1.0,1.0,1.0,1.0,0.0,2020-09-22,0,0,1,1,1,0,0
532,2020-09-21,1.0,1.0,1.0,1.0,1.0,1.0,0.0,2020-09-23,0,0,0,1,1,0,0
533,2020-09-21,1.0,1.0,1.0,1.0,1.0,1.0,0.0,2020-09-24,0,0,1,1,1,0,0
534,2020-09-21,1.0,1.0,1.0,1.0,1.0,1.0,0.0,2020-09-25,0,0,1,1,1,0,0
535,2020-09-28,1.0,1.0,1.0,1.0,1.0,1.0,0.0,2020-09-28,0,0,1,1,1,0,0
536,2020-09-28,1.0,1.0,1.0,1.0,1.0,1.0,0.0,2020-09-29,0,0,0,1,1,0,0
537,2020-09-28,1.0,1.0,1.0,1.0,1.0,1.0,0.0,2020-09-30,0,1,1,1,1,0,0
538,2020-09-28,1.0,1.0,1.0,1.0,1.0,1.0,0.0,2020-10-01,0,1,1,1,1,0,0
539,2020-09-28,1.0,1.0,1.0,1.0,1.0,1.0,0.0,2020-10-02,0,1,0,1,1,0,0
540,2020-10-05,1.0,1.0,1.0,1.0,1.0,1.0,0.0,2020-10-05,0,0,1,1,1,0,0
541,2020-10-05,1.0,1.0,1.0,1.0,1.0,1.0,0.0,2020-10-06,0,0,0,1,1,0,0
542,2020-10-05,1.0,1.0,1.0,1.0,1.0,1.0,0.0,2020-10-07,0,1,0,1,1,0,1
543,2020-10-05,1.0,1.0,1.0,1.0,1.0,1.0,0.0,2020-10-08,0,1,0,1,1,0,0
544,2020-10-05,1.0,1.0,1.0,1.0,1.0,1.0,0.0,2020-10-09,0,0,0,1,0,0,1
545,2020-10-12,1.0,0.0,1.0,1.0,1.0,1.0,0.0,2020-10-12,1,1,1,1,1,1,1
546,2020-10-12,1.0,0.0,1.0,1.0,1.0,1.0,0.0,2020-10-13,1,1,0,1,0,1,1
547,2020-10-12,1.0,0.0,1.0,1.0,1.0,1.0,0.0,2020-10-14,1,0,0,1,0,1,1
548,2020-10-12,1.0,0.0,1.0,1.0,1.0,1.0,0.0,2020-10-15,1,1,0,1,0,1,0
549,2020-10-12,1.0,0.0,1.0,1.0,1.0,1.0,0.0,2020-10-16,1,0,0,1,0,1,0
550,2020-10-19,1.0,1.0,1.0,1.0,1.0,1.0,0.0,2020-10-19,1,1,0,1,0,1,0
551,2020-10-19,1.0,1.0,1.0,1.0,1.0,1.0,0.0,2020-10-20,1,1,0,1,0,0,0
552,2020-10-19,1.0,1.0,1.0,1.0,1.0,1.0,0.0,2020-10-21,1,1,0,1,0,1,0
553,2020-10-19,1.0,1.0,1.0,1.0,1.0,1.0,0.0,2020-10-22,1,0,0,1,0,1,0
554,2020-10-19,1.0,1.0,1.0,1.0,1.0,1.0,0.0,2020-10-23,1,0,0,1,0,1,0
555,2020-10-26,1.0,1.0,1.0,1.0,1.0,1.0,0.0,2020-10-26,1,0,0,1,0,1,0
556,2020-10-26,1.0,1.0,1.0,1.0,1.0,1.0,0.0,2020-10-27,1,1,1,1,0,1,0
557,2020-10-26,1.0,1.0,1.0,1.0,1.0,1.0,0.0,2020-10-28,1,0,0,0,0,0,0
558,2020-10-26,1.0,1.0,1.0,1.0,1.0,1.0,0.0,2020-10-29,1,0,0,1,0,1,0
559,2020-10-26,1.0,1.0,1.0,1.0,1.0,1.0,0.0,2020-10-30,0,0,0,0,0,0,0
560,2020-11-02,1.0,0.0,1.0,1.0,1.0,1.0,0.0,2020-11-02,0,0,0,0,0,0,0
561,2020-11-02,1.0,0.0,1.0,1.0,1.0,1.0,0.0,2020-11-03,0,0,0,0,0,0,0
562,2020-11-02,1.0,0.0,1.0,1.0,1.0,1.0,0.0,2020-11-04,0,0,0,1,0,0,0
563,2020-11-02,1.0,0.0,1.0,1.0,1.0,1.0,0.0,2020-11-05,0,1,1,1,0,1,0
564,2020-11-02,1.0,0.0,1.0,1.0,1.0,1.0,0.0,2020-11-06,0,0,1,1,0,1,0
565,2020-11-09,1.0,1.0,1.0,1.0,1.0,1.0,0.0,2020-11-09,0,1,1,1,0,0,0
566,2020-11-09,1.0,1.0,1.0,1.0,1.0,1.0,0.0,2020-11-10,0,0,1,1,0,1,0
567,2020-11-09,1.0,1.0,1.0,1.0,1.0,1.0,0.0,2020-11-11,0,0,1,1,0,1,0
568,2020-11-09,1.0,1.0,1.0,1.0,1.0,1.0,0.0,2020-11-12,0,0,1,1,0,1,0
569,2020-11-09,1.0,1.0,1.0,1.0,1.0,1.0,0.0,2020-11-13,0,1,1,1,0,1,0
570,2020-11-16,1.0,1.0,1.0,1.0,1.0,1.0,0.0,2020-11-16,1,1,1,1,1,0,0
571,2020-11-16,1.0,1.0,1.0,1.0,1.0,1.0,0.0,2020-11-17,1,1,1,1,1,0,0
572,2020-11-16,1.0,1.0,1.0,1.0,1.0,1.0,0.0,2020-11-18,1,0,1,0,1,0,0
573,2020-11-16,1.0,1.0,1.0,1.0,1.0,1.0,0.0,2020-11-19,1,0,1,0,1,0,0
574,2020-11-16,1.0,1.0,1.0,1.0,1.0,1.0,0.0,2020-11-20,1,0,1,0,1,0,0
575,2020-11-23,1.0,1.0,1.0,1.0,1.0,1.0,0.0,2020-11-23,1,0,0,0,1,0,0
576,2020-11-23,1.0,1.0,1.0,1.0,1.0,1.0,0.0,2020-11-24,1,0,0,0,1,0,0
577,2020-11-23,1.0,1.0,1.0,1.0,1.0,1.0,0.0,2020-11-25,1,0,0,0,1,0,0
578,2020-11-23,1.0,1.0,1.0,1.0,1.0,1.0,0.0,2020-11-27,1,0,0,0,1,0,0
579,2020-11-30,1.0,1.0,1.0,1.0,1.0,1.0,0.0,2020-11-30,1,0,1,0,1,1,0
580,2020-11-30,1.0,1.0,1.0,1.0,1.0,1.0,0.0,2020-12-01,1,1,1,1,1,1,0
581,2020-11-30,1.0,1.0,1.0,1.0,1.0,1.0,0.0,2020-12-02,1,0,1,1,1,1,0
582,2020-11-30,1.0,1.0,1.0,1.0,1.0,1.0,0.0,2020-12-03,1,1,1,1,1,1,1
583,2020-11-30,1.0,1.0,1.0,1.0,1.0,1.0,0.0,2020-12-04,1,0,1,1,1,1,0
584,2020-12-07,1.0,1.0,1.0,1.0,1.0,1.0,0.0,2020-12-07,1,1,1,1,1,1,0
585,2020-12-07,1.0,1.0,1.0,1.0,1.0,1.0,0.0,2020-12-08,1,1,1,1,1,1,1
586,2020-12-07,1.0,1.0,1.0,1.0,1.0,1.0,0.0,2020-12-09,1,1,1,1,1,1,1
587,2020-12-07,1.0,1.0,1.0,1.0,1.0,1.0,0.0,2020-12-10,1,1,1,1,1,1,0
588,2020-12-07,1.0,1.0,1.0,1.0,1.0,1.0,0.0,2020-12-11,1,1,1,1,1,1,0
589,2020-12-14,1.0,1.0,1.0,1.0,1.0,1.0,0.0,2020-12-14,1,1,1,1,1,1,0
590,2020-12-14,1.0,1.0,1.0,1.0,1.0,1.0,0.0,2020-12-15,1,1,1,1,1,1,1
591,2020-12-14,1.0,1.0,1.0,1.0,1.0,1.0,0.0,2020-12-16,1,1,1,1,1,1,1
592,2020-12-14,1.0,1.0,1.0,1.0,1.0,1.0,0.0,2020-12-17,1,1,1,1,1,1,1
593,2020-12-14,1.0,1.0,1.0,1.0,1.0,1.0,0.0,2020-12-18,1,0,1,1,1,1,0
594,2020-12-21,1.0,1.0,1.0,1.0,1.0,1.0,0.0,2020-12-21,1,0,1,1,1,1,0
595,2020-12-21,1.0,1.0,1.0,1.0,1.0,1.0,0.0,2020-12-22,1,1,1,1,1,1,1
596,2020-12-21,1.0,1.0,1.0,1.0,1.0,1.0,0.0,2020-12-23,1,1,1,1,1,1,0
597,2020-12-21,1.0,1.0,1.0,1.0,1.0,1.0,0.0,2020-12-24,1,1,1,1,1,1,0
598,2020-12-28,1.0,1.0,1.0,1.0,1.0,1.0,1.0,2020-12-28,1,1,1,1,1,1,1
599,2020-12-28,1.0,1.0,1.0,1.0,1.0,1.0,1.0,2020-12-29,1,1,1,1,1,1,1
600,2020-12-28,1.0,1.0,1.0,1.0,1.0,1.0,1.0,2020-12-30,1,0,1,1,1,1,0
601,2020-12-28,1.0,1.0,1.0,1.0,1.0,1.0,1.0,2020-12-31,1,0,1,1,1,1,0
602,2021-01-04,1.0,1.0,1.0,1.0,1.0,1.0,0.0,2021-01-04,1,1,1,1,1,1,0
603,2021-01-04,1.0,1.0,1.0,1.0,1.0,1.0,0.0,2021-01-05,1,1,1,1,1,1,0
604,2021-01-04,1.0,1.0,1.0,1.0,1.0,1.0,0.0,2021-01-06,1,1,1,1,1,1,0
605,2021-01-04,1.0,1.0,1.0,1.0,1.0,1.0,0.0,2021-01-07,1,1,1,1,1,1,0
606,2021-01-04,1.0,1.0,1.0,1.0,1.0,1.0,0.0,2021-01-08,1,1,1,1,1,1,0
607,2021-01-11,1.0,0.0,1.0,1.0,1.0,1.0,0.0,2021-01-11,1,0,1,1,1,1,0
608,2021-01-11,1.0,0.0,1.0,1.0,1.0,1.0,0.0,2021-01-12,1,0,1,1,1,1,0
609,2021-01-11,1.0,0.0,1.0,1.0,1.0,1.0,0.0,2021-01-13,1,0,1,1,1,1,0
610,2021-01-11,1.0,0.0,1.0,1.0,1.0,1.0,0.0,2021-01-14,1,0,1,1,1,1,0
611,2021-01-11,1.0,0.0,1.0,1.0,1.0,1.0,0.0,2021-01-15,1,0,1,1,1,1,0
612,2021-01-18,1.0,1.0,1.0,1.0,1.0,1.0,1.0,2021-01-19,1,0,1,1,1,1,1
613,2021-01-18,1.0,1.0,1.0,1.0,1.0,1.0,1.0,2021-01-20,1,1,1,1,1,1,1
614,2021-01-18,1.0,1.0,1.0,1.0,1.0,1.0,1.0,2021-01-21,1,1,1,1,1,1,1
615,2021-01-18,1.0,1.0,1.0,1.0,1.0,1.0,1.0,2021-01-22,1,1,1,1,1,1,1
616,2021-01-25,1.0,1.0,1.0,1.0,1.0,1.0,1.0,2021-01-25,1,1,1,1,1,1,1
617,2021-01-25,1.0,1.0,1.0,1.0,1.0,1.0,1.0,2021-01-26,1,1,1,1,1,1,0
618,2021-01-25,1.0,1.0,1.0,1.0,1.0,1.0,1.0,2021-01-27,1,0,1,1,1,1,0
619,2021-01-25,1.0,1.0,1.0,1.0,1.0,1.0,1.0,2021-01-28,1,0,1,1,1,1,0
620,2021-01-25,1.0,1.0,1.0,1.0,1.0,1.0,1.0,2021-01-29,1,1,1,1,1,0,0
621,2021-02-01,1.0,1.0,1.0,1.0,1.0,1.0,0.0,2021-02-01,1,1,1,1,1,1,0
622,2021-02-01,1.0,1.0,1.0,1.0,1.0,1.0,0.0,2021-02-02,1,1,1,1,1,1,0
623,2021-02-01,1.0,1.0,1.0,1.0,1.0,1.0,0.0,2021-02-03,1,0,1,1,1,0,0
624,2021-02-01,1.0,1.0,1.0,1.0,1.0,1.0,0.0,2021-02-04,1,0,1,1,1,0,0
625,2021-02-01,1.0,1.0,1.0,1.0,1.0,1.0,0.0,2021-02-05,1,0,1,1,1,1,0
626,2021-02-08,1.0,1.0,1.0,1.0,1.0,1.0,0.0,2021-02-08,1,0,1,1,1,1,0
627,2021-02-08,1.0,1.0,1.0,1.0,1.0,1.0,0.0,2021-02-09,1,0,1,1,1,1,0
628,2021-02-08,1.0,1.0,1.0,1.0,1.0,1.0,0.0,2021-02-10,0,0,1,1,1,1,1
629,2021-02-08,1.0,1.0,1.0,1.0,1.0,1.0,0.0,2021-02-11,0,1,1,1,1,1,1
630,2021-02-08,1.0,1.0,1.0,1.0,1.0,1.0,0.0,2021-02-12,0,1,1,1,1,1,1
631,2021-02-15,1.0,1.0,1.0,1.0,1.0,1.0,0.0,2021-02-16,0,0,1,1,1,1,1
632,2021-02-15,1.0,1.0,1.0,1.0,1.0,1.0,0.0,2021-02-17,0,0,1,1,1,1,1
633,2021-02-15,1.0,1.0,1.0,1.0,1.0,1.0,0.0,2021-02-18,0,0,0,1,1,1,0
634,2021-02-15,1.0,1.0,1.0,1.0,1.0,1.0,0.0,2021-02-19,0,1,1,1,1,0,0
635,2021-02-22,1.0,0.0,1.0,1.0,1.0,0.0,0.0,2021-02-22,0,0,0,1,1,0,0
636,2021-02-22,1.0,0.0,1.0,1.0,1.0,0.0,0.0,2021-02-23,0,0,0,1,0,0,0
637,2021-02-22,1.0,0.0,1.0,1.0,1.0,0.0,0.0,2021-02-24,0,0,0,1,0,0,0
638,2021-02-22,1.0,0.0,1.0,1.0,1.0,0.0,0.0,2021-02-25,0,0,0,0,0,0,0
639,2021-02-22,1.0,0.0,1.0,1.0,1.0,0.0,0.0,2021-02-26,0,0,0,0,0,0,0
640,2021-03-01,1.0,0.0,1.0,1.0,0.0,1.0,0.0,2021-03-01,0,0,0,1,0,0,0
641,2021-03-01,1.0,0.0,1.0,1.0,0.0,1.0,0.0,2021-03-02,0,0,0,0,0,0,0
642,2021-03-01,1.0,0.0,1.0,1.0,0.0,1.0,0.0,2021-03-03,0,0,0,0,0,0,0
643,2021-03-01,1.0,0.0,1.0,1.0,0.0,1.0,0.0,2021-03-04,0,0,0,0,0,0,0
644,2021-03-01,1.0,0.0,1.0,1.0,0.0,1.0,0.0,2021-03-05,0,0,0,0,0,0,0
645,2021-03-08,1.0,0.0,1.0,1.0,0.0,1.0,0.0,2021-03-08,0,0,0,0,0,0,0
646,2021-03-08,1.0,0.0,1.0,1.0,0.0,1.0,0.0,2021-03-09,0,0,0,0,0,0,0
647,2021-03-08,1.0,0.0,1.0,1.0,0.0,1.0,0.0,2021-03-10,0,0,0,0,0,0,0
648,2021-03-08,1.0,0.0,1.0,1.0,0.0,1.0,0.0,2021-03-11,0,0,0,0,0,0,0
649,2021-03-08,1.0,0.0,1.0,1.0,0.0,1.0,0.0,2021-03-12,0,0,0,0,0,0,0
650,2021-03-15,1.0,0.0,1.0,1.0,0.0,1.0,0.0,2021-03-15,0,0,0,0,0,0,0
651,2021-03-15,1.0,0.0,1.0,1.0,0.0,1.0,0.0,2021-03-16,0,1,0,0,0,0,0
652,2021-03-15,1.0,0.0,1.0,1.0,0.0,1.0,0.0,2021-03-17,0,0,0,0,0,0,0
653,2021-03-15,1.0,0.0,1.0,1.0,0.0,1.0,0.0,2021-03-18,0,0,0,0,0,0,0
654,2021-03-15,1.0,0.0,1.0,1.0,0.0,1.0,0.0,2021-03-19,0,1,0,0,0,0,0
655,2021-03-22,1.0,0.0,1.0,1.0,0.0,1.0,0.0,2021-03-22,0,0,0,0,0,0,0
656,2021-03-22,1.0,0.0,1.0,1.0,0.0,1.0,0.0,2021-03-23,0,0,0,0,0,0,0
657,2021-03-22,1.0,0.0,1.0,1.0,0.0,1.0,0.0,2021-03-24,0,0,0,0,0,0,0
658,2021-03-22,1.0,0.0,1.0,1.0,0.0,1.0,0.0,2021-03-25,0,0,0,0,0,0,0
659,2021-03-22,1.0,0.0,1.0,1.0,0.0,1.0,0.0,2021-03-26,0,0,0,0,0,0,0
660,2021-03-29,1.0,0.0,1.0,1.0,0.0,1.0,0.0,2021-03-29,0,0,0,0,0,0,0
661,2021-03-29,1.0,0.0,1.0,1.0,0.0,1.0,0.0,2021-03-30,0,0,0,0,0,0,0
662,2021-03-29,1.0,0.0,1.0,1.0,0.0,1.0,0.0,2021-03-31,0,0,0,0,0,0,0
663,2021-03-29,1.0,0.0,1.0,1.0,0.0,1.0,0.0,2021-04-01,0,0,0,0,0,0,0
664,2021-04-05,1.0,0.0,1.0,1.0,0.0,1.0,0.0,2021-04-05,1,1,0,0,0,1,0
665,2021-04-05,1.0,0.0,1.0,1.0,0.0,1.0,0.0,2021-04-06,1,1,0,0,0,0,0
666,2021-04-05,1.0,0.0,1.0,1.0,0.0,1.0,0.0,2021-04-07,1,1,0,0,0,0,0
667,2021-04-05,1.0,0.0,1.0,1.0,0.0,1.0,0.0,2021-04-08,1,1,1,0,0,1,0
668,2021-04-05,1.0,0.0,1.0,1.0,0.0,1.0,0.0,2021-04-09,1,1,1,1,0,1,0
669,2021-04-12,0.0,0.0,1.0,1.0,0.0,1.0,0.0,2021-04-12,1,0,1,1,0,1,0
670,2021-04-12,0.0,0.0,1.0,1.0,0.0,1.0,0.0,2021-04-13,1,1,1,1,0,1,0
671,2021-04-12,0.0,0.0,1.0,1.0,0.0,1.0,0.0,2021-04-14,1,1,1,1,1,1,0
672,2021-04-12,0.0,0.0,1.0,1.0,0.0,1.0,0.0,2021-04-15,1,1,1,1,1,1,0
673,2021-04-12,0.0,0.0,1.0,1.0,0.0,1.0,0.0,2021-04-16,1,1,1,1,1,1,0
674,2021-04-19,0.0,0.0,1.0,1.0,0.0,1.0,0.0,2021-04-19,1,1,1,1,1,1,0
675,2021-04-19,0.0,0.0,1.0,1.0,0.0,1.0,0.0,2021-04-20,1,1,1,1,1,1,0
676,2021-04-19,0.0,0.0,1.0,1.0,0.0,1.0,0.0,2021-04-21,1,1,1,1,1,1,0
677,2021-04-19,0.0,0.0,1.0,1.0,0.0,1.0,0.0,2021-04-22,1,1,1,1,1,1,0
678,2021-04-19,0.0,0.0,1.0,1.0,0.0,1.0,0.0,2021-04-23,1,1,1,1,1,1,0
679,2021-04-26,1.0,0.0,1.0,1.0,0.0,1.0,0.0,2021-04-26,1,0,1,1,1,1,0
680,2021-04-26,1.0,0.0,1.0,1.0,0.0,1.0,0.0,2021-04-27,1,0,1,1,1,1,0
681,2021-04-26,1.0,0.0,1.0,1.0,0.0,1.0,0.0,2021-04-28,1,0,1,1,1,1,0
682,2021-04-26,1.0,0.0,1.0,1.0,0.0,1.0,0.0,2021-04-29,1,1,1,1,1,1,1
683,2021-04-26,1.0,0.0,1.0,1.0,0.0,1.0,0.0,2021-04-30,1,0,1,1,1,1,0
684,2021-05-03,0.0,0.0,1.0,1.0,0.0,1.0,0.0,2021-05-03,1,0,1,1,1,1,0
685,2021-05-03,0.0,0.0,1.0,1.0,0.0,1.0,0.0,2021-05-04,1,0,1,0,1,1,0
686,2021-05-03,0.0,0.0,1.0,1.0,0.0,1.0,0.0,2021-05-05,1,0,1,0,1,1,0
687,2021-05-03,0.0,0.0,1.0,1.0,0.0,1.0,0.0,2021-05-06,1,1,1,0,1,1,0
688,2021-05-03,0.0,0.0,1.0,1.0,0.0,1.0,0.0,2021-05-07,1,1,1,0,1,1,0
689,2021-05-10,0.0,0.0,1.0,1.0,0.0,1.0,0.0,2021-05-10,1,1,1,0,1,1,0
690,2021-05-10,0.0,0.0,1.0,1.0,0.0,1.0,0.0,2021-05-11,0,0,1,0,1,0,0
691,2021-05-10,0.0,0.0,1.0,1.0,0.0,1.0,0.0,2021-05-12,0,0,1,0,1,0,0
692,2021-05-10,0.0,0.0,1.0,1.0,0.0,1.0,0.0,2021-05-13,0,0,1,0,1,0,0
693,2021-05-10,0.0,0.0,1.0,1.0,0.0,1.0,0.0,2021-05-14,0,0,1,0,1,0,0
694,2021-05-17,0.0,0.0,1.0,1.0,0.0,1.0,0.0,2021-05-17,0,0,1,0,1,0,0
695,2021-05-17,0.0,0.0,1.0,1.0,0.0,1.0,0.0,2021-05-18,0,0,0,0,1,0,0
696,2021-05-17,0.0,0.0,1.0,1.0,0.0,1.0,0.0,2021-05-19,0,0,0,0,1,0,0
697,2021-05-17,0.0,0.0,1.0,1.0,0.0,1.0,0.0,2021-05-20,0,0,0,1,1,0,1
698,2021-05-17,0.0,0.0,1.0,1.0,0.0,1.0,0.0,2021-05-21,0,0,0,0,0,0,1
699,2021-05-24,0.0,0.0,1.0,1.0,0.0,1.0,0.0,2021-05-24,0,0,0,1,0,0,0
700,2021-05-24,0.0,0.0,1.0,1.0,0.0,1.0,0.0,2021-05-25,0,1,0,1,0,0,0
701,2021-05-24,0.0,0.0,1.0,1.0,0.0,1.0,0.0,2021-05-26,0,0,0,1,0,0,0
702,2021-05-24,0.0,0.0,1.0,1.0,0.0,1.0,0.0,2021-05-27,0,0,0,0,0,0,0
703,2021-05-24,0.0,0.0,1.0,1.0,0.0,1.0,0.0,2021-05-28,0,0,0,0,0,0,0
704,2021-05-31,0.0,0.0,1.0,1.0,0.0,0.0,0.0,2021-06-01,0,0,0,0,0,0,0
705,2021-05-31,0.0,0.0,1.0,1.0,0.0,0.0,0.0,2021-06-02,0,1,0,0,1,0,0
706,2021-05-31,0.0,0.0,1.0,1.0,0.0,0.0,0.0,2021-06-03,0,0,0,0,0,0,0
707,2021-05-31,0.0,0.0,1.0,1.0,0.0,0.0,0.0,2021-06-04,0,0,0,0,0,0,0
708,2021-06-07,0.0,0.0,1.0,1.0,0.0,0.0,0.0,2021-06-07,0,0,0,0,0,0,0
709,2021-06-07,0.0,0.0,1.0,1.0,0.0,0.0,0.0,2021-06-08,0,1,0,1,0,0,0
710,2021-06-07,0.0,0.0,1.0,1.0,0.0,0.0,0.0,2021-06-09,0,0,0,1,0,0,0
711,2021-06-07,0.0,0.0,1.0,1.0,0.0,0.0,0.0,2021-06-10,0,0,0,0,0,0,0
712,2021-06-07,0.0,0.0,1.0,1.0,0.0,0.0,0.0,2021-06-11,0,0,0,1,0,0,0
713,2021-06-14,0.0,0.0,1.0,1.0,0.0,0.0,0.0,2021-06-14,1,1,0,1,0,0,1
714,2021-06-14,0.0,0.0,1.0,1.0,0.0,0.0,0.0,2021-06-15,1,0,0,1,0,1,1
715,2021-06-14,0.0,0.0,1.0,1.0,0.0,0.0,0.0,2021-06-16,1,1,1,1,0,1,0
716,2021-06-14,0.0,0.0,1.0,1.0,0.0,0.0,0.0,2021-06-17,1,1,1,1,0,1,0
717,2021-06-14,0.0,0.0,1.0,1.0,0.0,0.0,0.0,2021-06-18,1,1,1,1,0,1,0
718,2021-06-21,0.0,0.0,1.0,1.0,0.0,0.0,0.0,2021-06-21,1,0,1,1,0,1,0
719,2021-06-21,0.0,0.0,1.0,1.0,0.0,0.0,0.0,2021-06-22,1,1,1,1,0,1,0
720,2021-06-21,0.0,0.0,1.0,1.0,0.0,0.0,0.0,2021-06-23,1,1,1,1,0,1,0
721,2021-06-21,0.0,0.0,1.0,1.0,0.0,0.0,0.0,2021-06-24,1,1,1,1,1,1,0
722,2021-06-21,0.0,0.0,1.0,1.0,0.0,0.0,0.0,2021-06-25,1,1,1,1,1,1,0
723,2021-06-28,1.0,0.0,1.0,1.0,0.0,1.0,0.0,2021-06-28,1,1,1,1,1,1,0
724,2021-06-28,1.0,0.0,1.0,1.0,0.0,1.0,0.0,2021-06-29,1,1,1,1,1,1,0
725,2021-06-28,1.0,0.0,1.0,1.0,0.0,1.0,0.0,2021-06-30,1,1,1,1,1,1,1
726,2021-06-28,1.0,0.0,1.0,1.0,0.0,1.0,0.0,2021-07-01,1,0,1,1,1,1,0
727,2021-06-28,1.0,0.0,1.0,1.0,0.0,1.0,0.0,2021-07-02,1,1,1,1,1,1,1
728,2021-07-05,1.0,0.0,1.0,1.0,0.0,1.0,0.0,2021-07-06,1,1,1,1,1,1,1
729,2021-07-05,1.0,0.0,1.0,1.0,0.0,1.0,0.0,2021-07-07,1,1,1,1,1,1,1
730,2021-07-05,1.0,0.0,1.0,1.0,0.0,1.0,0.0,2021-07-08,1,0,1,1,1,1,0
731,2021-07-05,1.0,0.0,1.0,1.0,0.0,1.0,0.0,2021-07-09,1,0,1,1,0,1,0
732,2021-07-12,1.0,0.0,1.0,1.0,0.0,1.0,0.0,2021-07-12,1,0,1,1,0,1,0
733,2021-07-12,1.0,0.0,1.0,1.0,0.0,1.0,0.0,2021-07-13,1,0,1,1,0,1,0
734,2021-07-12,1.0,0.0,1.0,1.0,0.0,1.0,0.0,2021-07-14,1,0,1,1,0,1,0
735,2021-07-12,1.0,0.0,1.0,1.0,0.0,1.0,0.0,2021-07-15,1,0,1,1,0,1,0
736,2021-07-12,1.0,0.0,1.0,1.0,0.0,1.0,0.0,2021-07-16,1,0,1,1,0,1,0
737,2021-07-19,1.0,0.0,1.0,1.0,0.0,1.0,0.0,2021-07-19,1,0,1,1,0,1,0
738,2021-07-19,1.0,0.0,1.0,1.0,0.0,1.0,0.0,2021-07-20,1,0,1,1,0,1,0
739,2021-07-19,1.0,0.0,1.0,1.0,0.0,1.0,0.0,2021-07-21,1,0,1,1,0,1,0
740,2021-07-19,1.0,0.0,1.0,1.0,0.0,1.0,0.0,2021-07-22,1,0,1,1,0,1,0
741,2021-07-19,1.0,0.0,1.0,1.0,0.0,1.0,0.0,2021-07-23,1,0,1,1,0,1,0
742,2021-07-26,1.0,0.0,1.0,1.0,0.0,1.0,0.0,2021-07-26,1,0,1,1,0,1,0
743,2021-07-26,1.0,0.0,1.0,1.0,0.0,1.0,0.0,2021-07-27,1,0,1,1,0,1,0
744,2021-07-26,1.0,0.0,1.0,1.0,0.0,1.0,0.0,2021-07-28,1,0,1,1,0,1,0
745,2021-07-26,1.0,0.0,1.0,1.0,0.0,1.0,0.0,2021-07-29,1,0,1,1,0,1,0
746,2021-07-26,1.0,0.0,1.0,1.0,0.0,1.0,0.0,2021-07-30,1,0,1,1,0,1,0
747,2021-08-02,1.0,0.0,1.0,1.0,0.0,1.0,0.0,2021-08-02,1,0,1,1,0,1,0
748,2021-08-02,1.0,0.0,1.0,1.0,0.0,1.0,0.0,2021-08-03,1,0,1,1,0,1,0
749,2021-08-02,1.0,0.0,1.0,1.0,0.0,1.0,0.0,2021-08-04,1,0,1,1,0,1,0
750,2021-08-02,1.0,0.0,1.0,1.0,0.0,1.0,0.0,2021-08-05,1,0,1,1,0,1,0
751,2021-08-02,1.0,0.0,1.0,1.0,0.0,1.0,0.0,2021-08-06,1,0,1,1,0,1,0
752,2021-08-09,1.0,0.0,1.0,1.0,0.0,1.0,0.0,2021-08-09,1,0,1,1,0,1,0
753,2021-08-12,1.0,0.0,1.0,1.0,0.0,1.0,0.0,2021-08-09,1,0,1,1,0,1,0
754,2021-08-09,1.0,0.0,1.0,1.0,0.0,1.0,0.0,2021-08-10,1,0,1,1,0,1,0
755,2021-08-12,1.0,0.0,1.0,1.0,0.0,1.0,0.0,2021-08-10,1,0,1,1,0,1,0
756,2021-08-09,1.0,0.0,1.0,1.0,0.0,1.0,0.0,2021-08-11,1,0,1,1,0,1,0
757,2021-08-12,1.0,0.0,1.0,1.0,0.0,1.0,0.0,2021-08-11,1,0,1,1,0,1,0
758,2021-08-09,1.0,0.0,1.0,1.0,0.0,1.0,0.0,2021-08-12,1,0,1,1,0,1,0
759,2021-08-12,1.0,0.0,1.0,1.0,0.0,1.0,0.0,2021-08-12,1,0,1,1,0,1,0
